Ug,Ul,Temperature TMP,Temps
3.64738,1.56585,21.91,317
3.62618,1.57056,21.84,318
3.90404,1.49992,21.74,319
3.91345,1.48815,21.66,320
3.91581,1.49992,21.55,321
3.85694,1.51640,21.47,322
3.81220,1.52111,21.37,323
3.60264,1.55408,21.25,324
3.58851,1.55879,21.12,325
3.68741,1.53760,20.99,326
3.65915,1.54937,20.84,327
3.62148,1.55643,20.73,328
3.58851,1.56114,20.56,329
3.54377,1.57056,20.39,330
3.50845,1.57763,20.22,331
3.46607,1.58469,20.09,332
3.41426,1.59411,19.92,333
3.38130,1.60117,19.74,334
3.32008,1.61295,19.62,335
3.29418,1.61766,19.44,336
3.26828,1.62472,19.27,337
3.24002,1.62707,19.13,338
3.20235,1.63649,18.95,339
3.16467,1.64356,18.83,340
3.11758,1.65298,18.69,341
3.07990,1.66239,18.52,342
3.03987,1.66710,18.37,343
3.01633,1.67181,18.24,344
2.99042,1.67888,18.12,345
2.96452,1.68359,17.97,346
2.93156,1.69065,17.78,347
2.91508,1.69300,17.64,348
2.88682,1.69771,17.51,349
2.86327,1.70242,17.35,350
2.84208,1.70713,17.22,351
2.82324,1.70949,17.06,352
2.79970,1.71655,16.93,353
2.77380,1.72126,16.80,354
2.75731,1.72126,16.65,355
2.73848,1.72597,16.51,356
2.71257,1.73303,16.37,357
2.69374,1.73774,16.23,358
2.67490,1.74010,16.11,359
2.65606,1.74481,15.98,360
2.64193,1.74245,15.87,361
2.62074,1.75187,15.73,362
2.60191,1.75423,15.63,363
2.58542,1.75658,15.49,364
2.56188,1.76129,15.36,365
2.54775,1.76364,15.23,366
2.52185,1.76835,15.13,367
2.50772,1.77071,14.99,368
2.49124,1.77306,14.88,369
2.47946,1.77542,14.76,370
2.46533,1.77777,14.68,371
2.45356,1.78248,14.56,372
2.44650,1.78248,14.46,373
2.43472,1.78484,14.36,374
2.41824,1.78719,14.23,375
2.40411,1.78955,14.10,376
2.37586,1.79426,14.01,377
2.36408,1.79190,13.88,378
2.35231,1.79426,13.78,379
2.34289,1.79661,13.69,380
2.33347,1.79896,13.60,381
2.32405,1.79896,13.49,382
2.31228,1.80132,13.40,383
2.29815,1.80367,13.29,384
2.28403,1.80838,13.21,385
2.27461,1.81074,13.13,386
2.26048,1.81545,13.02,387
2.24871,1.81780,12.92,388
2.23929,1.81780,12.81,389
2.22987,1.81780,12.72,390
2.21339,1.82251,12.63,391
2.19219,1.82487,12.52,392
2.18042,1.82958,12.38,393
2.17571,1.82958,12.30,394
2.16158,1.83193,12.20,395
2.15687,1.83428,12.13,396
2.15216,1.83664,12.04,397
2.13804,1.83664,11.95,398
2.12626,1.84135,11.87,399
2.11449,1.84370,11.78,400
2.10978,1.84370,11.70,401
2.09801,1.84606,11.64,402
2.08859,1.84606,11.55,403
2.08623,1.84841,11.47,404
2.06975,1.85077,11.40,405
2.06033,1.85312,11.33,406
2.05091,1.85312,11.24,407
2.04620,1.85783,11.18,408
2.03914,1.85548,11.10,409
2.03208,1.85783,11.03,410
2.02501,1.86019,10.95,411
2.01324,1.86254,10.89,412
2.00382,1.86254,10.81,413
1.99205,1.86489,10.75,414
1.98263,1.86489,10.69,415
1.97792,1.86725,10.61,416
1.96850,1.86725,10.54,417
1.95908,1.86960,10.47,418
1.94731,1.87196,10.41,419
1.94260,1.87431,10.34,420
1.93553,1.87431,10.28,421
1.93083,1.87667,10.22,422
1.92376,1.87902,10.16,423
1.92141,1.88138,10.09,424
1.91199,1.88373,10.02,425
1.89551,1.88844,9.96,426
1.89080,1.88373,9.91,427
1.87902,1.88609,9.87,428
1.87196,1.88844,9.80,429
1.87667,1.89080,9.74,430
1.86725,1.88844,9.69,431
1.85548,1.89080,9.63,432
1.84841,1.89080,9.58,433
1.84135,1.89315,9.52,434
1.83664,1.89315,9.47,435
1.82487,1.89551,9.41,436
1.81309,1.89786,9.34,437
1.81309,1.89786,9.30,438
1.81074,1.90022,9.26,439
1.79896,1.90257,9.20,440
1.79190,1.90257,9.13,441
1.78484,1.90492,9.09,442
1.77777,1.90492,9.06,443
1.76835,1.90728,9.00,444
1.76364,1.90728,8.95,445
1.75423,1.90963,8.90,446
1.74716,1.91199,8.85,447
1.73539,1.91199,8.81,448
1.73303,1.91434,8.76,449
1.72832,1.91434,8.70,450
1.72126,1.91434,8.64,451
1.71891,1.91434,8.59,452
1.71420,1.91434,8.55,453
1.70713,1.91670,8.51,454
1.70242,1.91670,8.47,455
1.69300,1.91905,8.42,456
1.68594,1.92141,8.38,457
1.67888,1.92141,8.33,458
1.67417,1.92376,8.29,459
1.67181,1.92376,8.24,460
1.66710,1.92612,8.21,461
1.66475,1.92847,8.17,462
1.65768,1.92847,8.13,463
1.65533,1.92612,8.09,464
1.64591,1.92847,8.05,465
1.63649,1.93083,8.01,466
1.63414,1.93083,7.96,467
1.62707,1.93318,7.92,468
1.62236,1.93318,7.89,469
1.62001,1.93318,7.87,470
1.61530,1.93553,7.84,471
1.60824,1.93789,7.79,472
1.60353,1.93789,7.75,473
1.60117,1.93789,7.71,474
1.59411,1.94024,7.68,475
1.59175,1.93789,7.65,476
1.58469,1.94024,7.60,477
1.57763,1.94024,7.58,478
1.57998,1.94260,7.55,479
1.57292,1.94495,7.50,480
1.57056,1.94260,7.47,481
1.56350,1.94495,7.43,482
1.56114,1.94495,7.39,483
1.55879,1.94495,7.36,484
1.55643,1.94495,7.34,485
1.55172,1.94495,7.30,486
1.54466,1.94731,7.27,487
1.53524,1.94966,7.22,488
1.53760,1.94966,7.20,489
1.53289,1.94966,7.16,490
1.52818,1.95202,7.13,491
1.52347,1.95202,7.10,492
1.51876,1.95202,7.06,493
1.51405,1.95437,7.03,494
1.51405,1.95437,7.00,495
1.50699,1.95437,6.97,496
1.50463,1.95437,6.94,497
1.50228,1.95673,6.90,498
1.49050,1.95908,6.87,499
1.49050,1.95673,6.84,501
1.48108,1.95908,6.80,502
1.47873,1.96144,6.79,503
1.47638,1.95908,6.75,504
1.47167,1.96379,6.73,505
1.46696,1.96379,6.69,506
1.46460,1.96144,6.66,507
1.45989,1.96144,6.64,508
1.45754,1.96379,6.61,509
1.45754,1.96379,6.57,510
1.45754,1.96615,6.52,511
1.45518,1.97321,6.50,512
1.44812,1.96615,6.47,513
1.44576,1.96615,6.45,514
1.44106,1.96850,6.41,515
1.43870,1.96850,6.39,516
1.43399,1.97085,6.35,517
1.43164,1.96850,6.33,518
1.42693,1.97085,6.31,519
1.42693,1.96850,6.30,520
1.42457,1.97085,6.27,521
1.41986,1.97321,6.23,522
1.41044,1.97321,6.21,523
1.40338,1.97321,6.18,524
1.40338,1.97556,6.16,525
1.39867,1.97556,6.13,526
1.39396,1.97792,6.10,527
1.38219,1.97792,6.09,528
1.38219,1.97792,6.06,529
1.38454,1.97792,6.03,530
1.38219,1.97792,6.02,531
1.37748,1.97792,5.99,532
1.37277,1.98263,5.97,533
1.37277,1.98027,5.95,534
1.36806,1.98027,5.93,535
1.36100,1.98263,5.90,536
1.35864,1.98498,5.88,537
1.36100,1.98263,5.86,538
1.36100,1.98027,5.84,539
1.35629,1.98263,5.82,540
1.35864,1.98263,5.79,541
1.35158,1.98263,5.77,542
1.34687,1.98498,5.75,543
1.33980,1.98498,5.72,544
1.33980,1.98498,5.70,545
1.33510,1.98734,5.68,546
1.33745,1.98734,5.66,547
1.33510,1.98734,5.64,548
1.33274,1.98734,5.62,549
1.33274,1.98734,5.60,550
1.32803,1.98734,5.59,551
1.32097,1.98969,5.56,552
1.31861,1.98969,5.55,553
1.32097,1.99205,5.52,554
1.31390,1.98969,5.50,555
1.31390,1.98969,5.48,556
1.30448,1.99205,5.45,557
1.30213,1.99205,5.44,558
1.30213,1.99440,5.43,559
1.29742,1.99440,5.41,560
1.29742,1.99440,5.39,561
1.29507,1.99440,5.37,562
1.28800,1.99676,5.35,563
1.27858,1.99676,5.33,564
1.27623,1.99911,5.31,565
1.27623,1.99911,5.30,566
1.27858,1.99911,5.28,567
1.27387,1.99911,5.27,568
1.27152,1.99911,5.23,569
1.26916,2.00147,5.22,570
1.27387,1.99911,5.20,571
1.26916,2.00147,5.19,572
1.26446,2.00147,5.16,573
1.25975,2.00382,5.15,574
1.26210,2.00382,5.13,575
1.25504,2.00147,5.12,576
1.25504,2.00382,5.11,577
1.25975,2.00147,5.09,578
1.25975,2.00382,5.08,579
1.25268,2.00617,5.06,580
1.25504,2.00382,5.03,581
1.24797,2.00147,5.02,582
1.24562,2.00617,5.01,583
1.24091,2.00853,4.98,584
1.23855,2.00853,4.98,585
1.23620,2.00853,4.96,586
1.23620,2.00853,4.96,587
1.23855,2.00617,4.95,588
1.23620,2.00853,4.94,589
1.23620,2.01088,4.91,590
1.23384,2.01088,4.90,591
1.23384,2.01088,4.87,592
1.22914,2.01088,4.86,593
1.22678,2.01324,4.85,594
1.22207,2.01324,4.83,595
1.22443,2.01324,4.82,596
1.21736,2.02030,4.80,597
1.21972,2.01324,4.80,598
1.21972,2.01324,4.78,599
1.21030,2.01324,4.77,600
1.21265,2.01324,4.75,601
1.21265,2.01559,4.73,602
1.21501,2.01324,4.73,603
1.21030,2.01795,4.71,604
1.21265,2.01559,4.70,605
1.20794,2.01559,4.69,606
1.20323,2.01559,4.67,607
1.20088,2.01795,4.66,608
1.20088,2.01795,4.65,609
1.19146,2.02030,4.64,610
1.18911,2.01795,4.61,611
1.19852,2.01795,4.59,612
1.19382,2.01795,4.59,613
1.19146,2.02030,4.58,614
1.18675,2.02030,4.56,615
1.18675,2.02030,4.55,616
1.18911,2.02030,4.54,617
1.18675,2.02030,4.53,618
1.18440,2.02030,4.52,619
1.18440,2.02030,4.51,620
1.18675,2.02030,4.50,621
1.18440,2.02030,4.48,622
1.18675,2.02266,4.48,623
1.18204,2.02030,4.47,624
1.17969,2.02266,4.45,625
1.17969,2.02266,4.44,626
1.17262,2.02266,4.43,627
1.17262,2.02501,4.41,628
1.17262,2.02737,4.41,629
1.17262,2.02266,4.40,630
1.16556,2.02501,4.38,631
1.16556,2.02501,4.37,632
1.15850,2.02737,4.35,633
1.16085,2.02737,4.34,634
1.16085,2.02737,4.32,635
1.15379,2.02737,4.31,636
1.15379,2.02972,4.30,637
1.15143,2.02972,4.30,638
1.15379,2.02972,4.29,639
1.15379,2.02737,4.28,640
1.15143,2.02972,4.26,641
1.15143,2.02972,4.24,642
1.14672,2.03208,4.24,643
1.14437,2.03443,4.23,644
1.14672,2.03208,4.21,645
1.13730,2.03208,4.20,646
1.13024,2.04149,4.19,647
1.13730,2.03443,4.17,648
1.12553,2.03679,4.17,649
1.13495,2.03443,4.16,650
1.13730,2.03443,4.15,651
1.13730,2.03679,4.14,652
1.13966,2.03208,4.13,653
1.14201,2.03443,4.12,654
1.13495,2.03208,4.12,655
1.13495,2.03443,4.10,656
1.13495,2.03443,4.10,657
1.13495,2.03443,4.09,658
1.12788,2.03679,4.08,659
1.12553,2.03443,4.07,660
1.13024,2.03443,4.06,661
1.13495,2.03443,4.06,662
1.13259,2.03443,4.05,663
1.12788,2.03679,4.04,664
1.12788,2.03443,4.03,665
1.12788,2.03679,4.02,666
1.12788,2.03679,4.02,667
1.12553,2.03679,4.01,668
1.13024,2.03679,4.01,669
1.13024,2.03679,3.99,670
1.12788,2.03679,3.98,671
1.12788,2.03443,3.98,672
1.12318,2.03679,3.97,673
1.11140,2.03914,3.96,674
1.11140,2.03914,3.95,675
1.11140,2.03914,3.94,676
1.11140,2.04149,3.94,677
1.10905,2.04149,3.92,678
1.11376,2.03914,3.93,679
1.11140,2.03914,3.92,680
1.11376,2.03914,3.91,681
1.10669,2.04149,3.90,682
1.10669,2.03914,3.90,683
1.10434,2.03914,3.89,684
1.10198,2.04149,3.89,685
1.10198,2.04385,3.87,686
1.10434,2.04149,3.87,687
1.09963,2.04149,3.86,688
1.10198,2.04149,3.85,689
1.10198,2.03914,3.85,690
1.10198,2.04149,3.84,691
1.09963,2.03914,3.82,692
1.09963,2.04149,3.83,693
1.09727,2.04385,3.82,694
1.09963,2.04149,3.81,695
1.09727,2.04385,3.80,696
1.09256,2.04385,3.80,697
1.09256,2.04385,3.80,698
1.09492,2.04620,3.80,699
1.09256,2.04385,3.79,700
1.09256,2.04385,3.78,701
1.09256,2.04385,3.77,702
1.09492,2.04149,3.77,703
1.09256,2.04620,3.76,704
1.08786,2.04385,3.75,705
1.08550,2.04856,3.75,706
1.08079,2.04620,3.73,707
1.08550,2.04620,3.73,708
1.08550,2.04620,3.73,709
1.08315,2.04385,3.73,710
1.08079,2.04856,3.72,711
1.08079,2.04620,3.71,712
1.08315,2.04620,3.71,713
1.08079,2.04620,3.71,714
1.07608,2.04620,3.70,715
1.07608,2.04620,3.70,716
1.07844,2.04856,3.68,717
1.07373,2.04856,3.66,718
1.07137,2.04856,3.66,719
1.07137,2.04856,3.66,720
1.06902,2.04856,3.65,721
1.07373,2.04856,3.65,722
1.07608,2.04620,3.65,723
1.07373,2.04856,3.64,724
1.07608,2.04856,3.64,725
1.07608,2.04620,3.63,726
1.07608,2.04620,3.62,727
1.07373,2.04856,3.61,728
1.07373,2.05091,3.62,729
1.07844,2.04856,3.62,730
1.07844,2.04856,3.62,731
1.07608,2.04856,3.61,732
1.07844,2.04856,3.60,733
1.07608,2.04856,3.59,734
1.07373,2.04856,3.59,735
1.07373,2.05091,3.59,736
1.07373,2.05091,3.59,737
1.07373,2.05091,3.58,738
1.07137,2.04856,3.57,739
1.06902,2.04856,3.56,740
1.06902,2.04856,3.55,741
1.06902,2.05091,3.56,742
1.06666,2.05091,3.56,743
1.06902,2.05091,3.55,744
1.06431,2.04856,3.55,745
1.06666,2.05091,3.55,746
1.06902,2.04856,3.55,747
1.06431,2.04856,3.54,748
1.06431,2.05091,3.53,749
1.07137,2.04856,3.52,750
1.08315,2.04856,3.57,751
1.08786,2.04620,3.62,752
1.09021,2.04620,3.66,753
1.09963,2.04385,3.71,754
1.10434,2.04385,3.73,755
1.10198,2.04385,3.76,756
1.10434,2.04385,3.77,757
1.10434,2.04385,3.80,758
1.11376,2.04149,3.82,759
1.11847,2.04385,3.84,760
1.12082,2.04149,3.88,761
1.12082,2.03914,3.91,762
1.12788,2.03914,3.94,763
1.13730,2.03679,3.97,764
1.13966,2.03443,3.99,765
1.14201,2.03914,4.02,766
1.14908,2.03679,4.05,767
1.15143,2.03443,4.08,768
1.15850,2.03208,4.11,769
1.16556,2.03208,4.13,770
1.16320,2.03208,4.16,771
1.16791,2.02972,4.19,772
1.17733,2.02972,4.20,773
1.17969,2.02737,4.28,774
1.18440,2.02737,4.30,775
1.18911,2.02737,4.33,776
1.19382,2.02501,4.36,777
1.20088,2.02501,4.38,778
1.20559,2.02501,4.41,779
1.20323,2.02501,4.45,780
1.20794,2.02266,4.47,781
1.21972,2.02266,4.50,782
1.21972,2.02030,4.53,783
1.22207,2.02266,4.55,784
1.22207,2.02030,4.59,785
1.22914,2.01795,4.61,786
1.23384,2.02030,4.62,787
1.23855,2.02030,4.66,788
1.24091,2.01795,4.69,789
1.24562,2.01559,4.71,790
1.25268,2.01324,4.74,791
1.25268,2.01559,4.77,792
1.25268,2.01559,4.80,793
1.25504,2.01559,4.82,794
1.26210,2.01324,4.86,795
1.27152,2.01088,4.88,796
1.27623,2.01088,4.91,797
1.27858,2.01088,4.94,798
1.28565,2.00853,4.96,799
1.28329,2.01088,4.98,800
1.28800,2.00853,5.02,801
1.28800,2.00853,5.04,802
1.29742,2.00617,5.07,803
1.29742,2.00617,5.09,804
1.30213,2.00382,5.12,805
1.31155,2.00617,5.14,806
1.31155,2.00382,5.17,807
1.31861,2.00147,5.19,808
1.32097,2.00382,5.23,809
1.32097,2.00147,5.25,810
1.32568,2.00147,5.27,811
1.32568,2.00147,5.30,812
1.33510,1.99911,5.32,813
1.33745,1.99911,5.35,814
1.33274,1.99911,5.37,815
1.33274,2.00147,5.39,816
1.33510,1.99676,5.42,817
1.34216,1.99911,5.45,818
1.34922,1.99676,5.47,819
1.35393,1.99676,5.49,820
1.35629,1.99676,5.52,821
1.36335,1.99440,5.54,822
1.36571,1.99440,5.56,823
1.37042,1.99205,5.59,824
1.37512,1.99205,5.61,825
1.37512,1.99440,5.63,826
1.37748,1.99205,5.66,827
1.38219,1.98969,5.67,828
1.38219,1.98969,5.70,829
1.37983,1.99911,5.72,830
1.38925,1.98969,5.75,831
1.39396,1.98734,5.77,832
1.39867,1.98969,5.80,833
1.40338,1.98734,5.82,834
1.40103,1.98734,5.84,835
1.40809,1.98498,5.87,836
1.41515,1.98498,5.89,837
1.41751,1.98734,5.91,838
1.41751,1.98969,5.94,839
1.41515,1.98498,5.95,840
1.41515,1.98498,5.97,841
1.41986,1.98498,5.99,842
1.42457,1.98263,6.02,843
1.42693,1.98263,6.04,844
1.43164,1.98027,6.06,845
1.43399,1.98263,6.08,846
1.43870,1.98027,6.10,847
1.43635,1.98027,6.12,848
1.44341,1.97792,6.14,849
1.44341,1.97792,6.16,850
1.43870,1.98027,6.19,851
1.44106,1.97792,6.20,852
1.44812,1.97792,6.22,853
1.44576,1.97792,6.25,854
1.45047,1.97792,6.27,855
1.46225,1.97556,6.29,856
1.45754,1.97792,6.30,857
1.45754,1.97792,6.32,858
1.46460,1.97321,6.34,859
1.46460,1.97556,6.37,860
1.46931,1.97556,6.38,861
1.47167,1.97556,6.40,862
1.46931,1.97556,6.41,863
1.47167,1.97321,6.44,864
1.47402,1.97556,6.45,865
1.48108,1.97085,6.47,866
1.48108,1.97321,6.49,867
1.48579,1.97321,6.51,868
1.48579,1.97085,6.52,869
1.49050,1.97085,6.55,870
1.49286,1.97085,6.57,871
1.49757,1.96850,6.58,872
1.49757,1.96850,6.59,873
1.49757,1.96615,6.61,874
1.50699,1.96615,6.63,875
1.50699,1.96615,6.66,876
1.51170,1.96615,6.67,877
1.51170,1.96615,6.70,878
1.51405,1.96615,6.70,879
1.51640,1.97085,6.73,880
1.51640,1.96379,6.75,881
1.52111,1.96379,6.77,882
1.52582,1.96615,6.78,883
1.53289,1.96379,6.80,884
1.53289,1.96379,6.82,885
1.53524,1.96144,6.83,886
1.53995,1.96144,6.86,887
1.54231,1.95908,6.87,888
1.54937,1.95908,6.88,889
1.55172,1.95908,6.90,890
1.56114,1.95673,6.91,891
1.55879,1.95437,6.94,892
1.56350,1.95673,6.95,893
1.56114,1.95673,6.97,894
1.57056,1.95437,6.98,895
1.56821,1.95437,7.01,896
1.56585,1.95437,7.02,897
1.56821,1.95673,7.03,898
1.56821,1.95437,7.05,899
1.57527,1.95673,7.07,900
1.57527,1.95437,7.09,901
1.57527,1.95437,7.12,902
1.57527,1.95437,7.13,903
1.57998,1.95437,7.16,904
1.57998,1.95437,7.16,905
1.58234,1.95202,7.16,906
1.58469,1.95437,7.20,907
1.58940,1.95202,7.21,908
1.59175,1.95202,7.23,909
1.59411,1.95202,7.23,910
1.59882,1.94966,7.25,911
1.59411,1.94966,7.26,912
1.59882,1.95202,7.28,913
1.60117,1.94966,7.30,914
1.59882,1.94966,7.30,915
1.60824,1.95437,7.32,916
1.61059,1.94731,7.34,917
1.61530,1.94731,7.36,918
1.61766,1.94495,7.37,919
1.61530,1.94731,7.37,920
1.62236,1.94731,7.38,921
1.62236,1.94731,7.40,922
1.62472,1.94731,7.42,923
1.62236,1.94731,7.44,924
1.62707,1.94495,7.46,925
1.62707,1.94495,7.47,926
1.62943,1.94495,7.49,927
1.63178,1.94495,7.49,928
1.63414,1.94260,7.52,929
1.63414,1.94260,7.53,930
1.63178,1.94495,7.54,931
1.63885,1.94260,7.55,932
1.64356,1.94260,7.57,933
1.65062,1.94024,7.59,934
1.64827,1.94024,7.59,935
1.64591,1.94260,7.60,936
1.65768,1.93789,7.61,937
1.64591,1.93789,7.62,938
1.64591,1.94260,7.63,939
1.64827,1.94024,7.65,940
1.64591,1.94260,7.66,941
1.64356,1.94260,7.67,942
1.65298,1.93789,7.69,943
1.65768,1.94024,7.70,944
1.66239,1.93789,7.71,945
1.66004,1.93789,7.73,946
1.66710,1.93553,7.75,947
1.66710,1.93553,7.77,948
1.66946,1.93553,7.77,949
1.67181,1.93789,7.79,950
1.67417,1.93553,7.80,951
1.67181,1.93553,7.81,952
1.67652,1.93553,7.82,953
1.67888,1.93553,7.83,954
1.67652,1.93318,7.84,955
1.67652,1.93553,7.85,956
1.67417,1.93789,7.87,957
1.67652,1.93789,7.87,958
1.67888,1.93553,7.89,959
1.68359,1.93318,7.90,960
1.68594,1.93318,7.91,961
1.68830,1.93318,7.92,962
1.69065,1.93318,7.94,963
1.69300,1.93318,7.95,964
1.69536,1.93318,7.95,965
1.69536,1.93083,7.97,966
1.70242,1.93083,7.98,967
1.69536,1.93083,8.00,968
1.68594,1.93318,-0.01,969
1.69300,1.93318,-0.01,970
1.69771,1.93083,-0.01,971
1.69771,1.92847,-0.01,972
1.69771,1.92847,-0.01,973
1.70478,1.92847,-0.01,974
1.71184,1.92612,-0.01,975
1.70007,1.93789,-0.01,976
1.70007,1.93083,-0.01,977
1.70478,1.92847,-0.01,978
1.70242,1.92847,-0.01,979
1.70007,1.93083,-0.01,980
1.70242,1.92847,-0.01,981
1.70478,1.93083,-0.01,982
1.70949,1.92847,-0.01,983
1.71891,1.92612,-0.01,984
1.71184,1.92847,-0.01,985
1.71655,1.92847,-0.01,986
1.71655,1.92847,-0.01,987
1.71420,1.92847,-0.01,988
1.72126,1.92612,-0.01,989
1.72362,1.92612,-0.01,990
1.72597,1.92612,-0.01,991
1.72597,1.92847,-0.01,992
1.72832,1.92376,-0.01,993
1.73303,1.92376,-0.01,994
1.73303,1.92612,-0.01,995
1.73539,1.92376,-0.01,996
1.73303,1.92376,-0.01,997
1.74010,1.92141,-0.01,998
1.73303,1.92376,-0.01,999
1.73068,1.92612,-0.01,1000
1.73539,1.92376,-0.01,1002
1.73774,1.92376,-0.01,1003
1.73774,1.91905,-0.01,1004
1.74245,1.91905,-0.01,1005
1.76835,1.93318,-0.01,1006
1.74716,1.91670,-0.01,1007
1.77777,1.94495,-0.01,1008
1.78013,1.94260,-0.01,1009
1.78955,1.94260,-0.01,1010
1.79190,1.94024,-0.01,1011
1.79426,1.94024,-0.01,1012
1.72597,1.87902,-0.01,1013
1.72126,1.87902,-0.01,1014
1.74245,1.90257,-0.01,1015
1.81780,1.96144,-0.01,1016
1.82251,1.95908,-0.01,1017
1.83428,1.95437,-0.01,1018
1.83899,1.95673,-0.01,1019
1.84135,1.95437,-0.01,1020
1.84135,1.95437,-0.01,1021
1.84135,1.95437,-0.01,1022
1.84370,1.95673,-0.01,1023
1.84370,1.95437,-0.01,1024
1.85548,1.95437,-0.01,1025
1.84370,1.96379,-0.01,1026
1.84606,1.96144,-0.01,1027
1.84370,1.96144,-0.01,1028
1.85548,1.95437,-0.01,1029
1.84841,1.95202,-0.01,1030
1.85312,1.95437,-0.01,1031
1.85312,1.95437,-0.01,1032
1.86254,1.95202,-0.01,1033
1.86254,1.95202,-0.01,1034
1.86254,1.95437,-0.01,1035
1.86254,1.94966,-0.01,1036
1.86489,1.95202,-0.01,1037
1.86725,1.94966,-0.01,1038
1.86960,1.95202,-0.01,1039
1.86960,1.95202,-0.01,1040
1.87196,1.94966,-0.01,1041
1.86960,1.95202,-0.01,1042
1.87196,1.95202,-0.01,1043
1.87196,1.94966,-0.01,1044
1.87902,1.94966,-0.01,1045
1.87667,1.94731,-0.01,1046
1.87667,1.94966,-0.01,1047
1.87902,1.95673,-0.01,1048
1.87902,1.94966,-0.01,1049
1.88373,1.94731,-0.01,1050
1.88609,1.94966,-0.01,1051
1.89080,1.94731,-0.01,1052
1.89080,1.94966,-0.01,1053
1.88609,1.94731,-0.01,1054
1.89080,1.94966,-0.01,1055
1.89551,1.94731,-0.01,1056
1.89786,1.94495,-0.01,1057
1.90022,1.94495,-0.01,1058
1.89786,1.94260,-0.01,1059
1.90022,1.94260,-0.01,1060
1.89786,1.94495,-0.01,1061
1.90022,1.94260,-0.01,1062
1.86489,1.94495,-0.01,1063
1.85077,1.92612,-0.01,1064
1.87902,1.94731,-0.01,1065
1.87667,1.94495,-0.01,1066
1.87667,1.94495,-0.01,1067
1.87902,1.94731,-0.01,1068
1.88373,1.94260,-0.01,1069
1.88373,1.94260,-0.01,1070
1.88373,1.94024,-0.01,1071
1.88844,1.94024,-0.01,1072
1.89080,1.94260,-0.01,1073
1.89080,1.94024,-0.01,1074
1.89315,1.94260,-0.01,1075
1.89080,1.94260,-0.01,1076
1.88844,1.94260,-0.01,1077
1.89080,1.94024,-0.01,1078
1.89551,1.93789,-0.01,1079
1.89786,1.94024,-0.01,1080
1.89786,1.94024,-0.01,1081
1.89786,1.94024,-0.01,1082
1.90022,1.93789,-0.01,1083
1.89786,1.94024,-0.01,1084
1.89786,1.94024,-0.01,1085
1.90022,1.94024,-0.01,1086
1.90492,1.94024,-0.01,1087
1.90728,1.94024,-0.01,1088
1.90963,1.93789,-0.01,1089
1.91199,1.93553,-0.01,1090
1.91434,1.93789,-0.01,1091
1.91199,1.93789,-0.01,1092
1.91670,1.93553,-0.01,1093
1.92141,1.93553,-0.01,1094
1.92141,1.93553,-0.01,1095
1.91905,1.93789,-0.01,1096
1.91670,1.93789,-0.01,1097
1.91905,1.93318,-0.01,1098
1.92376,1.93553,-0.01,1099
1.92141,1.93083,-0.01,1100
1.92376,1.93318,-0.01,1101
1.92847,1.93318,-0.01,1102
1.93083,1.93083,-0.01,1103
1.92847,1.93318,-0.01,1104
1.92847,1.93318,-0.01,1105
1.93083,1.93318,-0.01,1106
1.93318,1.93318,-0.01,1107
1.93553,1.93083,-0.01,1108
1.93789,1.93083,-0.01,1109
1.93553,1.93083,-0.01,1110
1.93318,1.93083,-0.01,1111
1.93553,1.93318,-0.01,1112
1.93083,1.93083,-0.01,1113
1.93553,1.93318,-0.01,1114
1.94495,1.92847,-0.01,1115
1.94966,1.92847,-0.01,1116
1.95202,1.92847,-0.01,1117
1.94731,1.92847,-0.01,1118
1.94024,1.93083,-0.01,1119
1.94024,1.93083,-0.01,1120
1.94731,1.93083,-0.01,1121
1.94731,1.92847,-0.01,1122
1.95202,1.92847,-0.01,1123
1.95437,1.92847,-0.01,1124
1.95437,1.92612,-0.01,1125
1.95437,1.92847,-0.01,1126
1.94966,1.92847,-0.01,1127
1.95437,1.93083,-0.01,1128
1.94731,1.93083,-0.01,1129
1.95202,1.92847,-0.01,1130
1.95437,1.92847,-0.01,1131
1.95673,1.92847,-0.01,1132
1.95673,1.92847,-0.01,1133
1.95673,1.92847,-0.01,1134
1.94966,1.92847,-0.01,1135
1.95673,1.92847,-0.01,1136
1.95673,1.92612,-0.01,1137
1.96144,1.92612,-0.01,1138
1.96615,1.92612,-0.01,1139
1.96144,1.92612,-0.01,1140
1.95673,1.93083,-0.01,1141
1.95908,1.92847,-0.01,1142
1.96379,1.92612,-0.01,1143
1.96850,1.92612,-0.01,1144
1.96379,1.92612,-0.01,1145
1.96144,1.92847,-0.01,1146
1.96379,1.92847,-0.01,1147
1.96615,1.92612,-0.01,1148
1.96850,1.92612,-0.01,1149
1.96615,1.92612,-0.01,1150
1.97085,1.92612,-0.01,1151
1.97321,1.92612,-0.01,1152
1.97792,1.93318,-0.01,1153
1.97321,1.92612,-0.01,1154
1.97085,1.92376,-0.01,1155
1.97792,1.92376,-0.01,1156
1.98498,1.92376,-0.01,1157
1.98498,1.92376,-0.01,1158
1.98734,1.92376,-0.01,1159
1.99205,1.92141,-0.01,1160
1.99205,1.91905,-0.01,1161
1.98969,1.92141,-0.01,1162
1.98498,1.92376,-0.01,1163
1.98969,1.92141,-0.01,1164
1.99205,1.92141,-0.01,1165
1.98734,1.92141,-0.01,1166
1.98498,1.92141,-0.01,1167
1.98498,1.92141,-0.01,1168
1.98498,1.92141,-0.01,1169
1.98498,1.92141,-0.01,1170
1.98263,1.92376,-0.01,1171
1.98498,1.92376,-0.01,1172
1.98734,1.91905,-0.01,1173
1.99440,1.91905,-0.01,1174
1.99911,1.92141,-0.01,1175
1.99911,1.91905,-0.01,1176
1.99440,1.91905,-0.01,1177
1.99676,1.91905,-0.01,1178
1.99676,1.91905,-0.01,1179
1.99676,1.91905,-0.01,1180
1.99440,1.92141,-0.01,1181
1.99676,1.92612,-0.01,1182
1.99205,1.92141,-0.01,1183
1.98734,1.92141,-0.01,1184
1.99440,1.91905,-0.01,1185
1.99911,1.91670,-0.01,1186
2.00147,1.91905,-0.01,1187
2.00382,1.91905,-0.01,1188
2.00617,1.91670,-0.01,1189
2.00617,1.91905,-0.01,1190
2.00617,1.91670,-0.01,1191
2.01088,1.91670,-0.01,1192
2.00382,1.91905,-0.01,1193
2.01088,1.92141,-0.01,1194
2.00853,1.92612,-0.01,1195
2.01324,1.91905,-0.01,1196
2.01324,1.92376,-0.01,1197
2.02972,1.91434,-0.01,1198
2.01088,1.91670,-0.01,1199
2.01559,1.91670,-0.01,1200
2.02030,1.91670,-0.01,1201
2.02030,1.91905,-0.01,1202
2.02501,1.91434,-0.01,1203
2.02501,1.91434,-0.01,1204
2.02030,1.91670,-0.01,1205
2.02972,1.91434,-0.01,1206
2.02737,1.91434,-0.01,1207
2.02737,1.91434,-0.01,1208
2.02266,1.91670,-0.01,1209
2.02501,1.91670,-0.01,1210
2.02737,1.91670,-0.01,1211
2.02501,1.91434,-0.01,1212
2.02266,1.91434,-0.01,1213
2.02266,1.91434,-0.01,1214
2.02501,1.91434,-0.01,1215
2.02972,1.91434,-0.01,1216
2.02972,1.91434,-0.01,1217
2.02972,1.91434,-0.01,1218
2.03914,1.91670,-0.01,1219
2.02737,1.91670,-0.01,1220
2.03208,1.91199,-0.01,1221
2.02972,1.91434,-0.01,1222
2.02972,1.91199,-0.01,1223
2.03443,1.91434,-0.01,1224
2.03443,1.91434,-0.01,1225
2.03679,1.91434,-0.01,1226
2.04149,1.91199,-0.01,1227
2.04385,1.91199,-0.01,1228
2.04620,1.90963,-0.01,1229
2.04856,1.90963,-0.01,1230
2.04620,1.91199,-0.01,1231
2.04856,1.90963,-0.01,1232
2.04620,1.90963,-0.01,1233
2.04385,1.91199,-0.01,1234
2.04620,1.91199,-0.01,1235
2.05091,1.90963,-0.01,1236
2.04620,1.90963,-0.01,1237
2.04856,1.91434,-0.01,1238
2.05091,1.90963,-0.01,1239
2.05091,1.91199,-0.01,1240
2.05091,1.90963,-0.01,1241
2.05798,1.90728,-0.01,1242
2.06033,1.90963,-0.01,1243
2.06033,1.90963,-0.01,1244
2.05091,1.91199,-0.01,1245
2.04856,1.91434,-0.01,1246
2.00382,1.91905,-0.01,1247
1.99911,1.92376,-0.01,1248
2.00853,1.91905,-0.01,1249
2.01324,1.91905,-0.01,1250
2.00853,1.91905,-0.01,1251
2.01324,1.91670,-0.01,1252
2.00617,1.92141,-0.01,1253
2.00617,1.91905,-0.01,1254
2.00147,1.92141,-0.01,1255
1.99676,1.92376,-0.01,1256
1.99676,1.92141,-0.01,1257
2.00382,1.91905,-0.01,1258
2.00382,1.91905,-0.01,1259
2.00617,1.92141,-0.01,1260
2.00853,1.91905,-0.01,1261
2.01088,1.91670,-0.01,1262
2.00853,1.91905,-0.01,1263
2.00382,1.91670,-0.01,1264
2.00853,1.92141,-0.01,1265
2.01324,1.91670,-0.01,1266
2.01088,1.91905,-0.01,1267
2.00853,1.91905,-0.01,1268
2.00853,1.91905,-0.01,1269
2.00853,1.91905,-0.01,1270
2.01088,1.91905,-0.01,1271
2.01088,1.92141,-0.01,1272
2.01324,1.91905,-0.01,1273
2.00853,1.91905,-0.01,1274
2.01088,1.91905,-0.01,1275
2.00853,1.91905,-0.01,1276
2.01559,1.91905,-0.01,1277
2.01559,1.91905,-0.01,1278
2.02030,1.91670,-0.01,1279
2.01795,1.91905,-0.01,1280
2.01559,1.91905,-0.01,1281
2.02501,1.91670,-0.01,1282
2.01324,1.91905,-0.01,1283
2.01795,1.91670,-0.01,1284
2.02030,1.91670,-0.01,1285
2.01795,1.91905,-0.01,1286
2.01795,1.91670,-0.01,1287
2.02501,1.91670,-0.01,1288
2.02030,1.91670,-0.01,1289
2.01795,1.91670,-0.01,1290
2.01795,1.92376,-0.01,1291
2.02266,1.91670,-0.01,1292
2.02266,1.91670,-0.01,1293
2.02501,1.91670,-0.01,1294
2.02972,1.91434,-0.01,1295
2.03208,1.91434,-0.01,1296
2.03914,1.91199,-0.01,1297
2.03679,1.91434,-0.01,1298
2.03679,1.91434,-0.01,1299
2.03208,1.91434,-0.01,1300
2.03679,1.91199,-0.01,1301
2.03208,1.91670,-0.01,1302
2.04385,1.91199,-0.01,1303
2.04385,1.91199,-0.01,1304
2.04149,1.91199,-0.01,1305
2.04385,1.91199,-0.01,1306
2.04149,1.91434,-0.01,1307
2.04385,1.91199,-0.01,1308
2.04149,1.91434,-0.01,1309
2.04149,1.91434,-0.01,1310
2.04385,1.91199,-0.01,1311
2.03914,1.91434,-0.01,1312
2.03679,1.91670,-0.01,1313
2.04385,1.91199,-0.01,1314
2.04620,1.91434,-0.01,1315
2.04620,1.91434,-0.01,1316
2.04385,1.91199,-0.01,1317
2.04856,1.91199,-0.01,1318
2.04385,1.91434,-0.01,1319
2.04856,1.91199,-0.01,1320
2.05091,1.91199,-0.01,1321
2.05091,1.90963,-0.01,1322
2.04620,1.91199,-0.01,1323
2.04856,1.91199,-0.01,1324
2.04856,1.91199,-0.01,1325
2.05091,1.91199,-0.01,1326
2.05327,1.91199,-0.01,1327
2.05091,1.91199,-0.01,1328
2.05091,1.91199,-0.01,1329
2.05798,1.90963,-0.01,1330
2.06033,1.90963,-0.01,1331
2.06033,1.90963,-0.01,1332
2.05798,1.90963,-0.01,1333
2.06033,1.90963,-0.01,1334
2.05798,1.90963,-0.01,1335
2.05798,1.90963,-0.01,1336
2.05798,1.90963,-0.01,1337
2.05798,1.90963,-0.01,1338
2.06033,1.90963,-0.01,1339
2.05798,1.91199,-0.01,1340
2.05798,1.90963,-0.01,1341
2.06269,1.90963,-0.01,1342
2.06033,1.91199,-0.01,1343
2.06740,1.90728,-0.01,1344
2.07446,1.90728,-0.01,1345
2.06975,1.90728,-0.01,1346
2.07681,1.90728,-0.01,1347
2.07446,1.90728,-0.01,1348
2.07211,1.90728,-0.01,1349
2.07681,1.90728,-0.01,1350
2.08152,1.90492,-0.01,1351
2.08152,1.90728,-0.01,1352
2.08388,1.90492,-0.01,1353
2.08388,1.90492,-0.01,1354
2.08152,1.90492,-0.01,1355
2.08152,1.90492,-0.01,1356
2.08859,1.90492,-0.01,1357
2.08859,1.90492,-0.01,1358
2.08388,1.90492,-0.01,1359
2.08623,1.90492,-0.01,1360
2.08388,1.90492,-0.01,1361
2.08623,1.90257,-0.01,1362
2.08623,1.90257,-0.01,1363
2.08388,1.90257,-0.01,1364
2.08623,1.90257,-0.01,1365
2.08388,1.90728,-0.01,1366
2.08152,1.90492,-0.01,1367
2.07917,1.90492,-0.01,1368
2.08152,1.90728,-0.01,1369
2.08623,1.90492,-0.01,1370
2.09094,1.90492,-0.01,1371
2.08388,1.90492,-0.01,1372
2.08859,1.90492,-0.01,1373
2.08859,1.90492,-0.01,1374
2.09094,1.90492,-0.01,1375
2.08623,1.90492,-0.01,1376
2.08859,1.90257,-0.01,1377
2.08859,1.90492,-0.01,1378
2.09094,1.90257,-0.01,1379
2.09094,1.90257,-0.01,1380
2.09565,1.90257,-0.01,1381
2.08859,1.90492,-0.01,1382
2.09330,1.90257,-0.01,1383
2.09330,1.90257,-0.01,1384
2.09330,1.90257,-0.01,1385
2.10036,1.90257,-0.01,1386
2.10036,1.90257,-0.01,1387
2.09801,1.90257,-0.01,1388
2.09801,1.90257,-0.01,1389
2.09801,1.90257,-0.01,1390
2.10036,1.90257,-0.01,1391
2.10036,1.90257,-0.01,1392
2.10036,1.90257,-0.01,1393
2.09801,1.90257,-0.01,1394
2.09801,1.90257,-0.01,1395
2.10036,1.90257,-0.01,1396
2.10507,1.90022,-0.01,1397
2.10272,1.90257,-0.01,1398
2.10272,1.90022,-0.01,1399
2.09801,1.90022,-0.01,1400
2.10272,1.90257,-0.01,1401
2.09801,1.90022,-0.01,1402
2.10036,1.90728,-0.01,1403
2.10743,1.90022,-0.01,1404
2.10743,1.90022,-0.01,1405
2.11449,1.90022,-0.01,1406
2.11213,1.90022,-0.01,1407
2.11213,1.90022,-0.01,1408
2.11684,1.90022,-0.01,1409
2.11213,1.90492,-0.01,1410
2.10978,1.90022,-0.01,1411
2.10743,1.90022,-0.01,1412
2.10272,1.90257,-0.01,1413
2.10507,1.90257,-0.01,1414
2.10978,1.89786,-0.01,1415
2.11213,1.90257,-0.01,1416
2.10743,1.90022,-0.01,1417
2.10978,1.90022,-0.01,1418
2.10978,1.90022,-0.01,1419
2.11449,1.90022,-0.01,1420
2.11684,1.90022,-0.01,1421
2.11449,1.90022,-0.01,1422
2.11213,1.89786,-0.01,1423
2.11449,1.90022,-0.01,1424
2.10978,1.90728,-0.01,1425
2.10978,1.90257,-0.01,1426
2.11213,1.90022,-0.01,1427
2.11449,1.90022,-0.01,1428
2.11449,1.90022,-0.01,1429
2.11684,1.90022,-0.01,1430
2.12155,1.89786,-0.01,1431
2.12155,1.90022,-0.01,1432
2.12155,1.89786,-0.01,1433
2.12155,1.89551,-0.01,1434
2.11684,1.90257,-0.01,1435
2.12155,1.89786,-0.01,1436
2.11684,1.89786,-0.01,1437
2.11920,1.89786,-0.01,1438
2.12155,1.90022,-0.01,1439
2.12155,1.90022,-0.01,1440
2.11920,1.89786,-0.01,1441
2.11920,1.89786,-0.01,1442
2.11684,1.90022,-0.01,1443
2.11920,1.90257,-0.01,1444
2.12391,1.90022,-0.01,1445
2.12155,1.89786,-0.01,1446
2.11920,1.90022,-0.01,1447
2.12391,1.89786,-0.01,1448
2.12391,1.89786,-0.01,1449
2.12862,1.89786,-0.01,1450
2.12626,1.89786,-0.01,1451
2.12626,1.89551,-0.01,1452
2.13097,1.89551,-0.01,1453
2.12862,1.89786,-0.01,1454
2.13097,1.89551,-0.01,1455
2.12626,1.89786,-0.01,1456
2.12391,1.90022,-0.01,1457
2.12862,1.89551,-0.01,1458
2.13097,1.89786,-0.01,1459
2.13568,1.89551,-0.01,1460
2.13804,1.89551,-0.01,1461
2.13804,1.89551,-0.01,1462
2.13804,1.89315,-0.01,1463
2.13804,1.89551,-0.01,1464
2.13568,1.89315,-0.01,1465
2.13568,1.89551,-0.01,1466
2.13568,1.89551,-0.01,1467
2.14039,1.89315,-0.01,1468
2.14275,1.89315,-0.01,1469
2.14039,1.89315,-0.01,1470
2.14275,1.89315,-0.01,1471
2.14275,1.89315,-0.01,1472
2.14981,1.89315,-0.01,1473
2.14745,1.89315,-0.01,1474
2.14510,1.89551,-0.01,1475
2.14745,1.89315,-0.01,1476
2.14745,1.89315,-0.01,1477
2.14745,1.89315,-0.01,1478
2.14745,1.89551,-0.01,1479
2.14275,1.89551,-0.01,1480
2.14745,1.89080,-0.01,1481
2.15216,1.89315,-0.01,1482
2.15216,1.89080,-0.01,1483
2.15216,1.89315,-0.01,1484
2.14981,1.89315,-0.01,1485
2.14981,1.89080,-0.01,1486
2.15216,1.89315,-0.01,1487
2.15216,1.89315,-0.01,1488
2.15216,1.89551,-0.01,1489
2.15687,1.89080,-0.01,1490
2.15687,1.89080,-0.01,1491
2.15687,1.89080,-0.01,1492
2.15216,1.89315,-0.01,1493
2.15687,1.89080,-0.01,1494
2.15687,1.89080,-0.01,1495
2.15923,1.89080,-0.01,1496
2.15923,1.89080,-0.01,1497
2.15923,1.89080,-0.01,1498
2.15452,1.89080,-0.01,1499
2.15687,1.89315,-0.01,1500
2.16158,1.89080,-0.01,1501
2.15687,1.89315,-0.01,1503
2.15452,1.89080,-0.01,1504
2.15687,1.89080,-0.01,1505
2.15687,1.89315,-0.01,1506
2.15687,1.89080,-0.01,1507
2.15687,1.89080,-0.01,1508
2.16158,1.89080,-0.01,1509
2.15923,1.89080,-0.01,1510
2.15216,1.89315,-0.01,1511
2.15452,1.89080,-0.01,1512
2.15923,1.89315,-0.01,1513
2.15923,1.89080,-0.01,1514
2.15687,1.88844,-0.01,1515
2.15216,1.89551,-0.01,1516
2.15687,1.89315,-0.01,1517
2.15452,1.89315,-0.01,1518
2.15923,1.88844,-0.01,1519
2.15687,1.89551,-0.01,1520
2.16158,1.89080,-0.01,1521
2.15687,1.89080,-0.01,1522
2.15216,1.89315,-0.01,1523
2.15687,1.89080,-0.01,1524
2.15687,1.89080,-0.01,1525
2.16158,1.89080,-0.01,1526
2.16629,1.89080,-0.01,1527
2.16865,1.89080,-0.01,1528
2.16394,1.88844,-0.01,1529
2.15923,1.89080,-0.01,1530
2.16158,1.88844,-0.01,1531
2.16865,1.88844,-0.01,1532
2.17100,1.88844,-0.01,1533
2.17100,1.88844,-0.01,1534
2.16629,1.88844,-0.01,1535
2.17336,1.89080,-0.01,1536
2.17571,1.88609,-0.01,1537
2.17100,1.89080,-0.01,1538
2.17100,1.88844,-0.01,1539
2.17100,1.88609,-0.01,1540
2.17100,1.89080,-0.01,1541
2.16629,1.89080,-0.01,1542
2.16629,1.89080,-0.01,1543
2.17100,1.88609,-0.01,1544
2.17100,1.88844,-0.01,1545
2.17336,1.88844,-0.01,1546
2.17336,1.88844,-0.01,1547
2.17336,1.88844,-0.01,1548
2.17100,1.88844,-0.01,1549
2.17100,1.89080,-0.01,1550
2.17100,1.88609,-0.01,1551
2.16394,1.88844,-0.01,1552
2.16158,1.89315,-0.01,1553
2.16394,1.88844,-0.01,1554
2.16394,1.89080,-0.01,1555
2.16394,1.88844,-0.01,1556
2.16865,1.89080,-0.01,1557
2.17571,1.88844,-0.01,1558
2.17336,1.88844,-0.01,1559
2.17336,1.88844,-0.01,1560
2.17571,1.88844,-0.01,1561
2.18042,1.88609,-0.01,1562
2.17336,1.88844,-0.01,1563
2.17807,1.88844,-0.01,1564
2.17336,1.88844,-0.01,1565
2.17100,1.89080,-0.01,1566
2.17571,1.88373,-0.01,1567
2.17571,1.88609,-0.01,1568
2.18042,1.88609,-0.01,1569
2.18042,1.88844,-0.01,1570
2.17336,1.88844,-0.01,1571
2.17100,1.89080,-0.01,1572
2.17571,1.88844,-0.01,1573
2.17807,1.88844,-0.01,1574
2.17807,1.88844,-0.01,1575
2.17336,1.88609,-0.01,1576
2.17571,1.88844,-0.01,1577
2.17807,1.88844,-0.01,1578
2.17807,1.88373,-0.01,1579
2.18042,1.88609,-0.01,1580
2.18513,1.88609,-0.01,1581
2.18748,1.88609,-0.01,1582
2.18984,1.88373,-0.01,1583
2.18984,1.88373,-0.01,1584
2.18984,1.88373,-0.01,1585
2.18748,1.88138,-0.01,1586
2.18748,1.88373,-0.01,1587
2.18984,1.88138,-0.01,1588
2.19219,1.88373,-0.01,1589
2.19926,1.88138,-0.01,1590
2.20397,1.88138,-0.01,1591
2.19926,1.88138,-0.01,1592
2.19926,1.88138,-0.01,1593
2.20161,1.88138,-0.01,1594
2.20161,1.88138,-0.01,1595
2.19926,1.88373,-0.01,1596
2.19690,1.88138,-0.01,1597
2.19690,1.88138,-0.01,1598
2.19690,1.88373,-0.01,1599
2.19926,1.88138,-0.01,1600
2.20161,1.88138,-0.01,1601
2.19926,1.87902,-0.01,1602
2.19926,1.88138,-0.01,1603
2.20397,1.87902,-0.01,1604
2.20161,1.87902,-0.01,1605
2.20397,1.88138,-0.01,1606
2.20632,1.88138,-0.01,1607
2.20397,1.87902,-0.01,1608
2.20632,1.87902,-0.01,1609
2.20632,1.87902,-0.01,1610
2.20397,1.87902,-0.01,1611
2.20397,1.87902,-0.01,1612
2.19926,1.88373,-0.01,1613
2.19690,1.88138,-0.01,1614
2.19926,1.88138,-0.01,1615
2.20161,1.88138,-0.01,1616
2.20161,1.88138,-0.01,1617
2.20632,1.87902,-0.01,1618
2.20397,1.87902,-0.01,1619
2.20632,1.87902,-0.01,1620
2.20632,1.87902,-0.01,1621
2.20868,1.88138,-0.01,1622
2.21103,1.88373,-0.01,1623
2.20868,1.88138,-0.01,1624
2.21339,1.88138,-0.01,1625
2.20632,1.88373,-0.01,1626
2.21103,1.88138,-0.01,1627
2.21103,1.88138,-0.01,1628
2.21339,1.88138,-0.01,1629
2.21574,1.87902,-0.01,1630
2.22045,1.88138,-0.01,1631
2.22516,1.87902,-0.01,1632
2.21339,1.88138,-0.01,1633
2.20632,1.88138,-0.01,1634
2.21103,1.88373,-0.01,1635
2.21103,1.87902,-0.01,1636
2.21574,1.87902,-0.01,1637
2.21339,1.87902,-0.01,1638
2.21574,1.87902,-0.01,1639
2.21103,1.88138,-0.01,1640
2.21103,1.87902,-0.01,1641
2.21103,1.88138,-0.01,1642
2.21574,1.88138,-0.01,1643
2.21103,1.88138,-0.01,1644
2.21103,1.88138,-0.01,1645
2.21103,1.87902,-0.01,1646
2.21339,1.87902,-0.01,1647
2.21339,1.88138,-0.01,1648
2.21574,1.87902,-0.01,1649
2.21574,1.87902,-0.01,1650
2.21339,1.87902,-0.01,1651
2.21809,1.88138,-0.01,1652
2.22045,1.87902,-0.01,1653
2.21809,1.87902,-0.01,1654
2.21574,1.87902,-0.01,1655
2.21809,1.87902,-0.01,1656
2.21809,1.87902,-0.01,1657
2.21339,1.87902,-0.01,1658
2.21809,1.88138,-0.01,1659
2.21574,1.87902,-0.01,1660
2.22045,1.87902,-0.01,1661
2.22751,1.87667,-0.01,1662
2.22516,1.87902,-0.01,1663
2.22516,1.87902,-0.01,1664
2.22280,1.87902,-0.01,1665
2.22516,1.87902,-0.01,1666
2.22516,1.87902,-0.01,1667
2.22751,1.87667,-0.01,1668
2.22516,1.87667,-0.01,1669
2.22280,1.87902,-0.01,1670
2.22280,1.87667,-0.01,1671
2.22751,1.87667,-0.01,1672
2.22516,1.87902,-0.01,1673
2.22751,1.87667,-0.01,1674
2.21574,1.87902,-0.01,1675
2.21574,1.87902,-0.01,1676
2.21574,1.87902,-0.01,1677
2.22516,1.87902,-0.01,1678
2.22280,1.87667,-0.01,1679
2.22516,1.87902,-0.01,1680
2.22987,1.87667,-0.01,1681
2.22516,1.87431,-0.01,1682
2.22751,1.87902,-0.01,1683
2.23222,1.87667,-0.01,1684
2.23693,1.87667,-0.01,1685
2.23693,1.87667,-0.01,1686
2.23693,1.87667,-0.01,1687
2.23929,1.87667,-0.01,1688
2.23693,1.87431,-0.01,1689
2.23458,1.87667,-0.01,1690
2.23458,1.87667,-0.01,1691
2.23693,1.87431,-0.01,1692
2.23458,1.87667,-0.01,1693
2.23222,1.87902,-0.01,1694
2.23222,1.87667,-0.01,1695
2.22987,1.87431,-0.01,1696
2.23222,1.87431,-0.01,1697
2.23693,1.87431,-0.01,1698
2.23929,1.87431,-0.01,1699
2.23693,1.87667,-0.01,1700
2.23693,1.87431,-0.01,1701
2.23929,1.87431,-0.01,1702
2.23929,1.87667,-0.01,1703
2.22987,1.87667,-0.01,1704
2.23222,1.87431,-0.01,1705
2.23458,1.87431,-0.01,1706
2.23458,1.87431,-0.01,1707
2.23693,1.87431,-0.01,1708
2.23693,1.87431,-0.01,1709
2.23929,1.87667,-0.01,1710
2.23693,1.87902,-0.01,1711
2.23693,1.87667,-0.01,1712
2.22987,1.87902,-0.01,1713
2.23458,1.87667,-0.01,1714
2.15452,1.89080,-0.01,1715
2.15923,1.89080,-0.01,1716
2.16629,1.89080,-0.01,1717
2.16394,1.88844,-0.01,1718
2.16158,1.88844,-0.01,1719
2.16158,1.89080,-0.01,1720
2.15216,1.89080,-0.01,1721
2.15923,1.89315,-0.01,1722
2.15687,1.89080,-0.01,1723
2.15923,1.89315,-0.01,1724
2.16394,1.88844,-0.01,1725
2.16158,1.88844,-0.01,1726
2.16394,1.89080,-0.01,1727
2.17336,1.88609,-0.01,1728
2.17571,1.88609,-0.01,1729
2.17571,1.88609,-0.01,1730
2.17807,1.88609,-0.01,1731
2.17336,1.88844,-0.01,1732
2.18042,1.88844,-0.01,1733
2.18042,1.88609,-0.01,1734
2.18042,1.88609,-0.01,1735
2.17807,1.88609,-0.01,1736
2.17807,1.88609,-0.01,1737
2.17807,1.88844,-0.01,1738
2.17100,1.88844,-0.01,1739
2.18278,1.88609,-0.01,1740
2.17336,1.88844,-0.01,1741
2.17336,1.88844,-0.01,1742
2.17807,1.88844,-0.01,1743
2.18513,1.88609,-0.01,1744
2.18278,1.88609,-0.01,1745
2.18278,1.88609,-0.01,1746
2.18042,1.88844,-0.01,1747
2.18278,1.88609,-0.01,1748
2.18042,1.89315,-0.01,1749
2.18748,1.88609,-0.01,1750
2.18513,1.88609,-0.01,1751
2.18984,1.88373,-0.01,1752
2.18042,1.88609,-0.01,1753
2.18513,1.88373,-0.01,1754
2.18278,1.88609,-0.01,1755
2.18513,1.88609,-0.01,1756
2.18748,1.88609,-0.01,1757
2.18984,1.88373,-0.01,1758
2.18748,1.88609,-0.01,1759
2.18748,1.88609,-0.01,1760
2.18984,1.88373,-0.01,1761
2.18748,1.88373,-0.01,1762
2.18042,1.88609,-0.01,1763
2.18513,1.88609,-0.01,1764
2.18278,1.88609,-0.01,1765
2.18042,1.88609,-0.01,1766
2.18748,1.88609,-0.01,1767
2.18513,1.88609,-0.01,1768
2.19219,1.88609,-0.01,1769
2.19455,1.88373,-0.01,1770
2.19455,1.88373,-0.01,1771
2.19455,1.88373,-0.01,1772
2.19219,1.88138,-0.01,1773
2.19455,1.88373,-0.01,1774
2.20397,1.88138,-0.01,1775
2.19690,1.88138,-0.01,1776
2.19690,1.88138,-0.01,1777
2.19455,1.88373,-0.01,1778
2.19455,1.88373,-0.01,1779
2.20397,1.88373,-0.01,1780
2.20161,1.88138,-0.01,1781
2.19926,1.88138,-0.01,1782
2.19690,1.88138,-0.01,1783
2.19690,1.88373,-0.01,1784
2.19926,1.88373,-0.01,1785
2.19690,1.88373,-0.01,1786
2.19455,1.88373,-0.01,1787
2.19926,1.88373,-0.01,1788
2.19926,1.88138,-0.01,1789
2.19926,1.88138,-0.01,1790
2.19926,1.88373,-0.01,1791
2.20161,1.88138,-0.01,1792
2.20397,1.87902,-0.01,1793
2.20397,1.88138,-0.01,1794
2.20868,1.87902,-0.01,1795
2.20868,1.87902,-0.01,1796
2.20632,1.88138,-0.01,1797
2.20632,1.87902,-0.01,1798
2.20632,1.88138,-0.01,1799
2.20632,1.87902,-0.01,1800
2.20632,1.88138,-0.01,1801
2.20397,1.88138,-0.01,1802
2.20868,1.88138,-0.01,1803
2.20868,1.87902,-0.01,1804
2.20632,1.88138,-0.01,1805
2.20868,1.87902,-0.01,1806
2.21103,1.87902,-0.01,1807
2.21103,1.87902,-0.01,1808
2.21339,1.87667,-0.01,1809
2.21339,1.88138,-0.01,1810
2.21103,1.88844,-0.01,1811
2.21339,1.88138,-0.01,1812
2.21103,1.87902,-0.01,1813
2.21574,1.87902,-0.01,1814
2.21574,1.87902,-0.01,1815
2.21339,1.87902,-0.01,1816
2.21103,1.87902,-0.01,1817
2.21574,1.87902,-0.01,1818
2.21809,1.87902,-0.01,1819
2.22280,1.87667,-0.01,1820
2.22045,1.87902,-0.01,1821
2.22280,1.88609,-0.01,1822
2.22516,1.87667,-0.01,1823
2.22516,1.87667,-0.01,1824
2.22045,1.87431,-0.01,1825
2.21574,1.87902,-0.01,1826
2.21809,1.87667,-0.01,1827
2.21574,1.87902,-0.01,1828
2.22045,1.87902,-0.01,1829
2.21809,1.87902,-0.01,1830
2.21574,1.87902,-0.01,1831
2.21809,1.87902,-0.01,1832
2.21339,1.88138,-0.01,1833
2.21339,1.87902,-0.01,1834
2.22045,1.87902,-0.01,1835
2.22045,1.87667,-0.01,1836
2.22045,1.87667,-0.01,1837
2.23222,1.87431,-0.01,1838
2.22045,1.87902,-0.01,1839
2.22516,1.87667,-0.01,1840
2.22516,1.87667,-0.01,1841
2.22516,1.87667,-0.01,1842
2.22516,1.87667,-0.01,1843
2.22280,1.87667,-0.01,1844
2.22045,1.87667,-0.01,1845
2.22045,1.87902,-0.01,1846
2.21809,1.87667,-0.01,1847
2.21574,1.88609,-0.01,1848
2.22045,1.87902,-0.01,1849
2.21574,1.87902,-0.01,1850
2.22045,1.87902,-0.01,1851
2.22280,1.87431,-0.01,1852
2.22045,1.87667,-0.01,1853
2.22045,1.87902,-0.01,1854
2.22987,1.87667,-0.01,1855
2.22280,1.87667,-0.01,1856
2.22516,1.87667,-0.01,1857
2.22751,1.87667,-0.01,1858
2.22516,1.87431,-0.01,1859
2.22280,1.87667,-0.01,1860
2.21809,1.87902,-0.01,1861
2.22280,1.87667,-0.01,1862
2.22280,1.87667,-0.01,1863
2.22751,1.87431,-0.01,1864
2.22987,1.87431,-0.01,1865
2.22987,1.87667,-0.01,1866
2.22987,1.87667,-0.01,1867
2.22751,1.87431,-0.01,1868
2.22751,1.87667,-0.01,1869
2.23222,1.87431,-0.01,1870
2.23458,1.87667,-0.01,1871
2.23458,1.87667,-0.01,1872
2.23222,1.87431,-0.01,1873
2.22751,1.87431,-0.01,1874
2.23458,1.87667,-0.01,1875
2.23222,1.87431,-0.01,1876
2.23458,1.87431,-0.01,1877
2.23693,1.87431,-0.01,1878
2.23222,1.87667,-0.01,1879
2.23458,1.87431,-0.01,1880
2.23929,1.87431,-0.01,1881
2.23693,1.87667,-0.01,1882
2.23222,1.87431,-0.01,1883
2.23222,1.87431,-0.01,1884
2.23458,1.87431,-0.01,1885
2.23693,1.87431,-0.01,1886
2.23222,1.87667,-0.01,1887
2.23458,1.87902,-0.01,1888
2.22987,1.87431,-0.01,1889
2.23693,1.87431,-0.01,1890
2.23458,1.87431,-0.01,1891
2.23222,1.87431,-0.01,1892
2.23458,1.87431,-0.01,1893
2.23458,1.87431,-0.01,1894
2.23458,1.87431,-0.01,1895
2.23929,1.87196,-0.01,1896
2.23693,1.87431,-0.01,1897
2.23222,1.87667,-0.01,1898
2.23929,1.87196,-0.01,1899
2.24400,1.87431,-0.01,1900
2.24164,1.87431,-0.01,1901
2.24164,1.87196,-0.01,1902
2.24635,1.87431,-0.01,1903
2.24635,1.87196,-0.01,1904
2.24871,1.87431,-0.01,1905
2.24635,1.87196,-0.01,1906
2.25106,1.87196,-0.01,1907
2.24400,1.87196,-0.01,1908
2.24400,1.87196,-0.01,1909
2.24635,1.87431,-0.01,1910
2.24871,1.87196,-0.01,1911
2.24635,1.86960,-0.01,1912
2.24400,1.87196,-0.01,1913
2.24635,1.87431,-0.01,1914
2.24635,1.87196,-0.01,1915
2.24635,1.87196,-0.01,1916
2.24871,1.87431,-0.01,1917
2.24400,1.87431,-0.01,1918
2.24400,1.87196,-0.01,1919
2.24400,1.87431,-0.01,1920
2.24400,1.87196,-0.01,1921
2.24164,1.87196,-0.01,1922
2.24635,1.87196,-0.01,1923
2.25341,1.86960,-0.01,1924
2.25106,1.87196,-0.01,1925
2.24635,1.87431,-0.01,1926
2.25341,1.87196,-0.01,1927
2.25106,1.87196,-0.01,1928
2.25577,1.86960,-0.01,1929
2.25577,1.86960,-0.01,1930
2.25341,1.86960,-0.01,1931
2.25577,1.86960,-0.01,1932
2.25577,1.86960,-0.01,1933
2.25341,1.86960,-0.01,1934
2.24871,1.87196,-0.01,1935
2.24871,1.87196,-0.01,1936
2.24635,1.87196,-0.01,1937
2.24635,1.87196,-0.01,1938
2.24400,1.87431,-0.01,1939
2.24400,1.87431,-0.01,1940
2.24400,1.87196,-0.01,1941
2.24635,1.87196,-0.01,1942
2.24400,1.87196,-0.01,1943
2.24400,1.87196,-0.01,1944
2.24164,1.86960,-0.01,1945
2.24164,1.87431,-0.01,1946
2.24635,1.87196,-0.01,1947
2.24635,1.87431,-0.01,1948
2.24635,1.87196,-0.01,1949
2.24400,1.87431,-0.01,1950
2.25106,1.87196,-0.01,1951
2.25106,1.87196,-0.01,1952
2.24400,1.87196,-0.01,1953
2.24871,1.86960,-0.01,1954
2.25577,1.86960,-0.01,1955
2.25577,1.86960,-0.01,1956
2.24871,1.87196,-0.01,1957
2.24871,1.87196,-0.01,1958
2.24871,1.87196,-0.01,1959
2.24871,1.87196,-0.01,1960
2.24871,1.87196,-0.01,1961
2.25106,1.87196,-0.01,1962
2.24871,1.87196,-0.01,1963
2.25106,1.87196,-0.01,1964
2.25341,1.87196,-0.01,1965
2.25106,1.87196,-0.01,1966
2.25577,1.87196,-0.01,1967
2.25106,1.86960,-0.01,1968
2.26990,1.86725,-0.01,1969
2.26048,1.86960,-0.01,1970
2.26283,1.86960,-0.01,1971
2.25577,1.87196,-0.01,1972
2.25812,1.86960,-0.01,1973
2.25577,1.86960,-0.01,1974
2.25577,1.86960,-0.01,1975
2.26048,1.86960,-0.01,1976
2.25812,1.86960,-0.01,1977
2.26048,1.86960,-0.01,1978
2.25577,1.87196,-0.01,1979
2.26283,1.86960,-0.01,1980
2.25341,1.87196,-0.01,1981
2.25577,1.86960,-0.01,1982
2.27461,1.86725,-0.01,1983
2.26519,1.86960,-0.01,1984
2.26519,1.86725,-0.01,1985
2.26283,1.86960,-0.01,1986
2.26048,1.86725,-0.01,1987
2.26283,1.87196,-0.01,1988
2.26519,1.86725,-0.01,1989
2.26519,1.86725,-0.01,1990
2.26754,1.86725,-0.01,1991
2.26754,1.86725,-0.01,1992
2.26048,1.87196,-0.01,1993
2.26519,1.86960,-0.01,1994
2.26283,1.86725,-0.01,1995
2.25812,1.86725,-0.01,1996
2.26283,1.86960,-0.01,1997
2.26048,1.86960,-0.01,1998
2.26519,1.86960,-0.01,1999
2.26990,1.86725,-0.01,2000
2.26519,1.86960,-0.01,2001
2.26754,1.86960,-0.01,2002
2.26754,1.86960,-0.01,2004
2.26048,1.86960,-0.01,2005
2.26283,1.86725,-0.01,2006
2.25812,1.86960,-0.01,2007
2.26048,1.86960,-0.01,2008
2.26519,1.86725,-0.01,2009
2.26283,1.86960,-0.01,2010
2.26048,1.86960,-0.01,2011
2.25812,1.86960,-0.01,2012
2.26048,1.86725,-0.01,2013
2.26048,1.86960,-0.01,2014
2.26283,1.86960,-0.01,2015
2.26283,1.86960,-0.01,2016
2.26048,1.86960,-0.01,2017
2.26519,1.86725,-0.01,2018
2.26990,1.86960,-0.01,2019
2.26519,1.87667,-0.01,2020
2.26754,1.86725,-0.01,2021
2.26283,1.86960,-0.01,2022
2.26519,1.86725,-0.01,2023
2.26048,1.86725,-0.01,2024
2.26283,1.86960,-0.01,2025
2.26519,1.86960,-0.01,2026
2.26519,1.86960,-0.01,2027
2.26754,1.86960,-0.01,2028
2.26990,1.86960,-0.01,2029
2.26990,1.86725,-0.01,2030
2.26990,1.86725,-0.01,2031
2.26990,1.86960,-0.01,2032
2.26754,1.86725,-0.01,2033
2.26519,1.86725,-0.01,2034
2.26519,1.86960,-0.01,2035
2.26754,1.86960,-0.01,2036
2.27225,1.86725,-0.01,2037
2.26990,1.86725,-0.01,2038
2.26990,1.86725,-0.01,2039
2.27461,1.86725,-0.01,2040
2.27461,1.86725,-0.01,2041
2.27461,1.86725,-0.01,2042
2.27225,1.86725,-0.01,2043
2.27225,1.86725,-0.01,2044
2.27225,1.86489,-0.01,2045
2.27225,1.87431,-0.01,2046
2.27696,1.86725,-0.01,2047
2.27461,1.86725,-0.01,2048
2.27461,1.86725,-0.01,2049
2.28167,1.86489,-0.01,2050
2.27932,1.86725,-0.01,2051
2.27696,1.86489,-0.01,2052
2.27696,1.86725,-0.01,2053
2.27696,1.86725,-0.01,2054
2.27932,1.86489,-0.01,2055
2.28403,1.86489,-0.01,2056
2.28167,1.86489,-0.01,2057
2.28638,1.86489,-0.01,2058
2.28403,1.86489,-0.01,2059
2.28403,1.86725,-0.01,2060
2.28167,1.86489,-0.01,2061
2.27696,1.87196,-0.01,2062
2.28638,1.86489,-0.01,2063
2.28167,1.86489,-0.01,2064
2.28167,1.86489,-0.01,2065
2.28403,1.86489,-0.01,2066
2.29109,1.86489,-0.01,2067
2.28638,1.87196,-0.01,2068
2.28873,1.86254,-0.01,2069
2.29109,1.86254,-0.01,2070
2.28873,1.86489,-0.01,2071
2.28403,1.86489,-0.01,2072
2.29109,1.86489,-0.01,2073
2.28873,1.86489,-0.01,2074
2.28873,1.86254,-0.01,2075
2.28403,1.86489,-0.01,2076
2.28873,1.86254,-0.01,2077
2.29109,1.86254,-0.01,2078
2.28403,1.86725,-0.01,2079
2.29109,1.86489,-0.01,2080
2.29344,1.86254,-0.01,2081
2.28873,1.86254,-0.01,2082
2.28638,1.86254,-0.01,2083
2.28638,1.86254,-0.01,2084
2.29109,1.86960,-0.01,2085
2.29109,1.86489,-0.01,2086
2.28638,1.86489,-0.01,2087
2.27696,1.86254,-0.01,2088
2.28873,1.86254,-0.01,2089
2.28638,1.86725,-0.01,2090
2.28873,1.86489,-0.01,2091
2.29580,1.86960,-0.01,2092
2.28873,1.86489,-0.01,2093
2.29109,1.86489,-0.01,2094
2.29109,1.86254,-0.01,2095
2.28403,1.86489,-0.01,2096
2.28403,1.86489,-0.01,2097
2.28638,1.86489,-0.01,2098
2.28638,1.86489,-0.01,2099
2.28873,1.86489,-0.01,2100
2.28403,1.86489,-0.01,2101
2.28638,1.86489,-0.01,2102
2.28873,1.86489,-0.01,2103
2.28873,1.86489,-0.01,2104
2.29109,1.86489,-0.01,2105
2.28403,1.86725,-0.01,2106
2.29109,1.86489,-0.01,2107
2.28873,1.86254,-0.01,2108
2.28873,1.86489,-0.01,2109
2.29344,1.86489,-0.01,2110
2.29580,1.86489,-0.01,2111
2.29580,1.86254,-0.01,2112
2.29344,1.86254,-0.01,2113
2.29344,1.86254,-0.01,2114
2.29109,1.86489,-0.01,2115
2.29344,1.86489,-0.01,2116
2.29344,1.86254,-0.01,2117
2.29344,1.86254,-0.01,2118
2.29815,1.86019,-0.01,2119
2.29580,1.86254,-0.01,2120
2.29815,1.86254,-0.01,2121
2.29344,1.86960,-0.01,2122
2.29109,1.86254,-0.01,2123
2.29344,1.86254,-0.01,2124
2.29815,1.86254,-0.01,2125
2.30051,1.86019,-0.01,2126
2.30286,1.86019,-0.01,2127
2.29580,1.86960,-0.01,2128
2.30522,1.85783,-0.01,2129
2.30286,1.86254,-0.01,2130
2.30522,1.86254,-0.01,2131
2.30051,1.86019,-0.01,2132
2.30051,1.86254,-0.01,2133
2.30286,1.86254,-0.01,2134
2.30286,1.86254,-0.01,2135
2.30522,1.86254,-0.01,2136
2.30286,1.86019,-0.01,2137
2.30522,1.86019,-0.01,2138
2.30522,1.86019,-0.01,2139
2.30286,1.86019,-0.01,2140
2.30051,1.86254,-0.01,2141
2.30286,1.86019,-0.01,2142
2.29815,1.86489,-0.01,2143
2.30051,1.86489,-0.01,2144
2.30522,1.86254,-0.01,2145
2.30522,1.86254,-0.01,2146
2.30286,1.86254,-0.01,2147
2.30286,1.86254,-0.01,2148
2.30051,1.86254,-0.01,2149
2.29815,1.86254,-0.01,2150
2.30051,1.86019,-0.01,2151
2.29815,1.86019,-0.01,2152
2.30051,1.86254,-0.01,2153
2.30522,1.86254,-0.01,2154
2.30522,1.86019,-0.01,2155
2.30757,1.86254,-0.01,2156
2.30522,1.86489,-0.01,2157
2.30757,1.86254,-0.01,2158
2.30522,1.86254,-0.01,2159
2.30522,1.86019,-0.01,2160
2.30757,1.86254,-0.01,2161
2.30757,1.86019,-0.01,2162
2.30757,1.86254,-0.01,2163
2.30522,1.86254,-0.01,2164
2.30522,1.86254,-0.01,2165
2.30757,1.86254,-0.01,2166
2.30522,1.86019,-0.01,2167
2.30522,1.86019,-0.01,2168
2.30993,1.86019,-0.01,2169
2.30522,1.86254,-0.01,2170
2.30286,1.86254,-0.01,2171
2.30522,1.86254,-0.01,2172
2.30993,1.86019,-0.01,2173
2.30993,1.86019,-0.01,2174
2.30993,1.86019,-0.01,2175
2.30993,1.86019,-0.01,2176
2.30757,1.86019,-0.01,2177
2.30286,1.86019,-0.01,2178
2.30522,1.86019,-0.01,2179
2.30286,1.86254,-0.01,2180
2.31935,1.86019,-0.01,2181
2.30757,1.86254,-0.01,2182
2.31228,1.86019,-0.01,2183
2.30993,1.86019,-0.01,2184
2.30522,1.86019,-0.01,2185
2.30993,1.86254,-0.01,2186
2.30993,1.85783,-0.01,2187
2.30522,1.86254,-0.01,2188
2.30757,1.86019,-0.01,2189
2.31228,1.86019,-0.01,2190
2.31699,1.85783,-0.01,2191
2.31464,1.86019,-0.01,2192
2.31935,1.86019,-0.01,2193
2.31935,1.85783,-0.01,2194
2.31935,1.86019,-0.01,2195
2.31464,1.85783,-0.01,2196
2.31464,1.86019,-0.01,2197
2.31464,1.85783,-0.01,2198
2.31699,1.86019,-0.01,2199
2.31228,1.86019,-0.01,2200
2.31464,1.86019,-0.01,2201
2.31699,1.86019,-0.01,2202
2.31464,1.85783,-0.01,2203
2.31228,1.86019,-0.01,2204
2.31464,1.86019,-0.01,2205
2.31935,1.86019,-0.01,2206
2.31935,1.85783,-0.01,2207
2.31935,1.85783,-0.01,2208
2.31699,1.86019,-0.01,2209
2.31935,1.85783,-0.01,2210
2.31699,1.86019,-0.01,2211
2.31699,1.85783,-0.01,2212
2.32405,1.85783,-0.01,2213
2.32170,1.85783,-0.01,2214
2.31699,1.86019,-0.01,2215
2.31935,1.86019,-0.01,2216
2.32405,1.85783,-0.01,2217
2.32641,1.85548,-0.01,2218
2.32641,1.85783,-0.01,2219
2.32641,1.85783,-0.01,2220
2.32170,1.85783,-0.01,2221
2.32170,1.85783,-0.01,2222
2.32641,1.85783,-0.01,2223
2.32170,1.86019,-0.01,2224
2.31935,1.85783,-0.01,2225
2.31699,1.85783,-0.01,2226
2.32170,1.85783,-0.01,2227
2.32641,1.85783,-0.01,2228
2.32405,1.85548,-0.01,2229
2.32170,1.85783,-0.01,2230
2.31935,1.85783,-0.01,2231
2.31935,1.85783,-0.01,2232
2.32170,1.85783,-0.01,2233
2.32876,1.85783,-0.01,2234
2.33347,1.85783,-0.01,2235
2.33112,1.85783,-0.01,2236
2.32876,1.85548,-0.01,2237
2.33347,1.85548,-0.01,2238
2.32876,1.85548,-0.01,2239
2.33112,1.85783,-0.01,2240
2.33347,1.85548,-0.01,2241
2.33583,1.85548,-0.01,2242
2.33347,1.85783,-0.01,2243
2.33583,1.85548,-0.01,2244
2.33818,1.85548,-0.01,2245
2.33583,1.85548,-0.01,2246
2.33347,1.85548,-0.01,2247
2.33818,1.85548,-0.01,2248
2.32641,1.85783,-0.01,2249
2.33112,1.85783,-0.01,2250
2.32876,1.85548,-0.01,2251
2.33112,1.85783,-0.01,2252
2.33112,1.85783,-0.01,2253
2.33583,1.85548,-0.01,2254
2.33583,1.85548,-0.01,2255
2.33347,1.85548,-0.01,2256
2.33347,1.85548,-0.01,2257
2.33347,1.85548,-0.01,2258
2.32876,1.85783,-0.01,2259
2.32641,1.85548,-0.01,2260
2.33347,1.85548,-0.01,2261
2.33583,1.85548,-0.01,2262
2.33583,1.85548,-0.01,2263
2.33347,1.85783,-0.01,2264
2.33818,1.85548,-0.01,2265
2.33583,1.85548,-0.01,2266
2.33347,1.85548,-0.01,2267
2.33818,1.85783,-0.01,2268
2.33818,1.85312,-0.01,2269
2.34289,1.85312,-0.01,2270
2.34054,1.85548,-0.01,2271
2.34054,1.85312,-0.01,2272
2.34289,1.85312,-0.01,2273
2.34289,1.85312,-0.01,2274
2.34054,1.85548,-0.01,2275
2.34054,1.85312,-0.01,2276
2.34054,1.85548,-0.01,2277
2.34289,1.85312,-0.01,2278
2.34760,1.85548,-0.01,2279
2.34525,1.85548,-0.01,2280
2.34996,1.85077,-0.01,2281
2.34289,1.85312,-0.01,2282
2.34054,1.85312,-0.01,2283
2.33818,1.85312,-0.01,2284
2.34054,1.85548,-0.01,2285
2.33583,1.85312,-0.01,2286
2.34054,1.85312,-0.01,2287
2.34289,1.85312,-0.01,2288
2.33818,1.85312,-0.01,2289
2.33583,1.85548,-0.01,2290
2.33818,1.85312,-0.01,2291
2.34054,1.85312,-0.01,2292
2.33818,1.85548,-0.01,2293
2.34289,1.85312,-0.01,2294
2.34054,1.85312,-0.01,2295
2.33818,1.85312,-0.01,2296
2.34054,1.85312,-0.01,2297
2.33818,1.85312,-0.01,2298
2.34289,1.85312,-0.01,2299
2.33818,1.85548,-0.01,2300
2.33583,1.85312,-0.01,2301
2.34054,1.85312,-0.01,2302
2.33818,1.85312,-0.01,2303
2.34289,1.85077,-0.01,2304
2.34525,1.85312,-0.01,2305
2.34525,1.85312,-0.01,2306
2.34760,1.85312,-0.01,2307
2.34760,1.85077,-0.01,2308
2.35231,1.84841,-0.01,2309
2.34996,1.85077,-0.01,2310
2.34996,1.85077,-0.01,2311
2.34996,1.85312,-0.01,2312
2.34996,1.85077,-0.01,2313
2.35231,1.85077,-0.01,2314
2.35231,1.85077,-0.01,2315
2.34996,1.85077,-0.01,2316
2.34760,1.85312,-0.01,2317
2.34996,1.85312,-0.01,2318
2.35231,1.85077,-0.01,2319
2.34996,1.85312,-0.01,2320
2.35231,1.85077,-0.01,2321
2.35467,1.85077,-0.01,2322
2.34996,1.84841,-0.01,2323
2.34996,1.85077,-0.01,2324
2.34760,1.85077,-0.01,2325
2.34525,1.85312,-0.01,2326
2.34289,1.85312,-0.01,2327
2.34525,1.85312,-0.01,2328
2.34760,1.84841,-0.01,2329
2.34054,1.85312,-0.01,2330
2.34054,1.85548,-0.01,2331
2.34289,1.85548,-0.01,2332
2.33818,1.85312,-0.01,2333
2.33818,1.85548,-0.01,2334
2.33347,1.85548,-0.01,2335
2.33818,1.85548,-0.01,2336
2.34289,1.85548,-0.01,2337
2.34289,1.86019,-0.01,2338
2.34289,1.85312,-0.01,2339
2.34760,1.85077,-0.01,2340
2.34996,1.85077,-0.01,2341
2.34996,1.85077,-0.01,2342
2.34996,1.85077,-0.01,2343
2.34525,1.85312,-0.01,2344
2.34054,1.85548,-0.01,2345
2.34289,1.85548,-0.01,2346
2.34996,1.85077,-0.01,2347
2.34996,1.86019,-0.01,2348
2.35231,1.85312,-0.01,2349
2.35702,1.85077,-0.01,2350
2.34760,1.85312,-0.01,2351
2.34525,1.85312,-0.01,2352
2.34525,1.85548,-0.01,2353
2.34760,1.85312,-0.01,2354
2.34525,1.85312,-0.01,2355
2.34760,1.85312,-0.01,2356
2.35231,1.85312,-0.01,2357
2.35937,1.85312,-0.01,2358
2.35467,1.85077,-0.01,2359
2.34996,1.85077,-0.01,2360
2.34996,1.85312,-0.01,2361
2.34996,1.85077,-0.01,2362
2.35467,1.85077,-0.01,2363
2.35467,1.85077,-0.01,2364
2.34760,1.85312,-0.01,2365
2.35231,1.85312,-0.01,2366
2.35467,1.85077,-0.01,2367
2.34996,1.85077,-0.01,2368
2.34760,1.85077,-0.01,2369
2.35231,1.85077,-0.01,2370
2.35467,1.84841,-0.01,2371
2.35937,1.85077,-0.01,2372
2.35702,1.85077,-0.01,2373
2.35937,1.85077,-0.01,2374
2.35937,1.84841,-0.01,2375
2.35937,1.85077,-0.01,2376
2.36173,1.85077,-0.01,2377
2.36173,1.85077,-0.01,2378
2.37350,1.84841,-0.01,2379
2.36173,1.84841,-0.01,2380
2.36644,1.85077,-0.01,2381
2.36408,1.85077,-0.01,2382
2.36879,1.84841,-0.01,2383
2.36644,1.84841,-0.01,2384
2.37350,1.84606,-0.01,2385
2.36644,1.84841,-0.01,2386
2.36879,1.85077,-0.01,2387
2.37115,1.84841,-0.01,2388
2.37350,1.84606,-0.01,2389
2.37350,1.84841,-0.01,2390
2.36644,1.85077,-0.01,2391
2.36879,1.84841,-0.01,2392
2.36644,1.84841,-0.01,2393
2.36408,1.84841,-0.01,2394
2.36408,1.84841,-0.01,2395
2.36173,1.85077,-0.01,2396
2.35937,1.84841,-0.01,2397
2.36644,1.84841,-0.01,2398
2.37350,1.84841,-0.01,2399
2.37115,1.84841,-0.01,2400
2.37115,1.84841,-0.01,2401
2.37350,1.84841,-0.01,2402
2.37115,1.84841,-0.01,2403
2.37115,1.85548,-0.01,2404
2.37821,1.84606,-0.01,2405
2.38292,1.84606,-0.01,2406
2.38057,1.84606,-0.01,2407
2.38292,1.84606,-0.01,2408
2.37586,1.85312,-0.01,2409
2.37821,1.84606,-0.01,2410
2.37821,1.84606,-0.01,2411
2.37821,1.84841,-0.01,2412
2.37821,1.84370,-0.01,2413
2.37821,1.84606,-0.01,2414
2.37821,1.84606,-0.01,2415
2.37821,1.84841,-0.01,2416
2.38528,1.84606,-0.01,2417
2.38057,1.84606,-0.01,2418
2.38763,1.84370,-0.01,2419
2.38999,1.84370,-0.01,2420
2.38763,1.84606,-0.01,2421
2.37821,1.84606,-0.01,2422
2.38057,1.84606,-0.01,2423
2.38057,1.84606,-0.01,2424
2.38057,1.84370,-0.01,2425
2.37821,1.84841,-0.01,2426
2.37350,1.84841,-0.01,2427
2.37115,1.84841,-0.01,2428
2.37115,1.84841,-0.01,2429
2.37115,1.84841,-0.01,2430
2.37115,1.85077,-0.01,2431
2.37115,1.84841,-0.01,2432
2.37350,1.84841,-0.01,2433
2.37586,1.84606,-0.01,2434
2.37586,1.84841,-0.01,2435
2.38292,1.84606,-0.01,2436
2.37821,1.84841,-0.01,2437
2.37350,1.84841,-0.01,2438
2.37115,1.85077,-0.01,2439
2.37350,1.84841,-0.01,2440
2.37350,1.84841,-0.01,2441
2.37350,1.85312,-0.01,2442
2.38057,1.84841,-0.01,2443
2.37586,1.84841,-0.01,2444
2.37821,1.84841,-0.01,2445
2.37350,1.84841,-0.01,2446
2.38057,1.84841,-0.01,2447
2.37586,1.85077,-0.01,2448
2.37586,1.85077,-0.01,2449
2.37586,1.84841,-0.01,2450
2.37821,1.84841,-0.01,2451
2.38057,1.84606,-0.01,2452
2.38057,1.84841,-0.01,2453
2.38292,1.84841,-0.01,2454
2.38292,1.84606,-0.01,2455
2.38057,1.84841,-0.01,2456
2.38292,1.84606,-0.01,2457
2.37821,1.84841,-0.01,2458
2.38057,1.84841,-0.01,2459
2.38999,1.84606,-0.01,2460
2.38292,1.84606,-0.01,2461
2.38528,1.84606,-0.01,2462
2.38057,1.84606,-0.01,2463
2.38057,1.84606,-0.01,2464
2.38528,1.84606,-0.01,2465
2.37586,1.84606,-0.01,2466
2.37821,1.84606,-0.01,2467
2.38057,1.84841,-0.01,2468
2.37821,1.85077,-0.01,2469
2.37821,1.85312,-0.01,2470
2.38057,1.84606,-0.01,2471
2.38763,1.84606,-0.01,2472
2.38999,1.84606,-0.01,2473
2.39234,1.84370,-0.01,2474
2.38528,1.84841,-0.01,2475
2.38292,1.84841,-0.01,2476
2.38292,1.84606,-0.01,2477
2.38763,1.84606,-0.01,2478
2.38528,1.84606,-0.01,2479
2.38292,1.84370,-0.01,2480
2.38528,1.84841,-0.01,2481
2.38763,1.84606,-0.01,2482
2.38763,1.84606,-0.01,2483
2.37821,1.84841,-0.01,2484
2.38292,1.84606,-0.01,2485
2.37821,1.84606,-0.01,2486
2.38057,1.84606,-0.01,2487
2.38057,1.84841,-0.01,2488
2.37821,1.84606,-0.01,2489
2.38292,1.84606,-0.01,2490
2.38528,1.84606,-0.01,2491
2.38292,1.84841,-0.01,2492
2.38292,1.84841,-0.01,2493
2.38292,1.84606,-0.01,2494
2.38528,1.84606,-0.01,2495
2.38763,1.84606,-0.01,2496
2.39234,1.84370,-0.01,2497
2.38999,1.84606,-0.01,2498
2.39469,1.84370,-0.01,2499
2.39705,1.84370,-0.01,2500
2.39705,1.84370,-0.01,2501
2.38528,1.84606,-0.01,2502
2.38763,1.84606,-0.01,2503
2.38528,1.84606,-0.01,2505
2.39234,1.84370,-0.01,2506
2.39469,1.84606,-0.01,2507
2.39469,1.84370,-0.01,2508
2.38763,1.84606,-0.01,2509
2.39234,1.84370,-0.01,2510
2.38999,1.84370,-0.01,2511
2.39469,1.84370,-0.01,2512
2.38999,1.84606,-0.01,2513
2.39234,1.84606,-0.01,2514
2.38292,1.84606,-0.01,2515
2.38057,1.84606,-0.01,2516
2.38999,1.85077,-0.01,2517
2.39234,1.84370,-0.01,2518
2.39705,1.84370,-0.01,2519
2.39940,1.84370,-0.01,2520
2.39705,1.84135,-0.01,2521
2.39940,1.84370,-0.01,2522
2.40176,1.84135,-0.01,2523
2.39705,1.84370,-0.01,2524
2.39940,1.84370,-0.01,2525
2.39940,1.84135,-0.01,2526
2.39469,1.84135,-0.01,2527
2.39705,1.84606,-0.01,2528
2.39705,1.84370,-0.01,2529
2.39940,1.84370,-0.01,2530
2.39469,1.84370,-0.01,2531
2.39705,1.84370,-0.01,2532
2.39940,1.84370,-0.01,2533
2.39940,1.84135,-0.01,2534
2.39940,1.84370,-0.01,2535
2.39705,1.84370,-0.01,2536
2.39469,1.84370,-0.01,2537
2.39705,1.84370,-0.01,2538
2.40176,1.84370,-0.01,2539
2.39469,1.84606,-0.01,2540
2.39940,1.84370,-0.01,2541
2.40176,1.84370,-0.01,2542
2.39940,1.84370,-0.01,2543
2.40411,1.84370,-0.01,2544
2.40647,1.84370,-0.01,2545
2.40647,1.84370,-0.01,2546
2.40411,1.84135,-0.01,2547
2.40176,1.84370,-0.01,2548
2.39940,1.84370,-0.01,2549
2.39940,1.84370,-0.01,2550
2.39940,1.84370,-0.01,2551
2.40411,1.84370,-0.01,2552
2.40647,1.84135,-0.01,2553
2.40647,1.84370,-0.01,2554
2.40882,1.84135,-0.01,2555
2.40882,1.84135,-0.01,2556
2.40411,1.84370,-0.01,2557
2.40647,1.84135,-0.01,2558
2.41118,1.84135,-0.01,2559
2.40882,1.83899,-0.01,2560
2.41118,1.84135,-0.01,2561
2.41353,1.84135,-0.01,2562
2.41824,1.83899,-0.01,2563
2.40882,1.84135,-0.01,2564
2.40647,1.84135,-0.01,2565
2.41118,1.84135,-0.01,2566
2.41118,1.84135,-0.01,2567
2.40882,1.84135,-0.01,2568
2.41118,1.84135,-0.01,2569
2.41353,1.84135,-0.01,2570
2.41353,1.84135,-0.01,2571
2.40882,1.84135,-0.01,2572
2.40411,1.84370,-0.01,2573
2.41118,1.84135,-0.01,2574
2.41118,1.84135,-0.01,2575
2.41118,1.84135,-0.01,2576
2.41589,1.84135,-0.01,2577
2.41824,1.84135,-0.01,2578
2.42060,1.83899,-0.01,2579
2.41824,1.84135,-0.01,2580
2.41353,1.83899,-0.01,2581
2.41589,1.83899,-0.01,2582
2.41589,1.84135,-0.01,2583
2.41353,1.83899,-0.01,2584
2.41824,1.84135,-0.01,2585
2.42295,1.84135,-0.01,2586
2.43472,1.83899,-0.01,2587
2.42531,1.83899,-0.01,2588
2.42766,1.83664,-0.01,2589
2.42295,1.83899,-0.01,2590
2.42060,1.83899,-0.01,2591
2.42295,1.83899,-0.01,2592
2.42060,1.84135,-0.01,2593
2.41824,1.83899,-0.01,2594
2.41824,1.83899,-0.01,2595
2.41353,1.83899,-0.01,2596
2.41118,1.84370,-0.01,2597
2.41118,1.84135,-0.01,2598
2.41353,1.84135,-0.01,2599
2.41353,1.84135,-0.01,2600
2.41353,1.84135,-0.01,2601
2.41824,1.84135,-0.01,2602
2.41353,1.84135,-0.01,2603
2.41824,1.83899,-0.01,2604
2.41824,1.83899,-0.01,2605
2.42060,1.84135,-0.01,2606
2.42060,1.83899,-0.01,2607
2.42060,1.83899,-0.01,2608
2.42060,1.84135,-0.01,2609
2.42060,1.83899,-0.01,2610
2.42295,1.83899,-0.01,2611
2.41824,1.84135,-0.01,2612
2.42295,1.83899,-0.01,2613
2.42060,1.83899,-0.01,2614
2.42060,1.84135,-0.01,2615
2.42531,1.83899,-0.01,2616
2.42766,1.83899,-0.01,2617
2.42766,1.83899,-0.01,2618
2.43001,1.83664,-0.01,2619
2.42766,1.83664,-0.01,2620
2.42531,1.83899,-0.01,2621
2.41589,1.84135,-0.01,2622
2.42531,1.83899,-0.01,2623
2.42531,1.83899,-0.01,2624
2.42766,1.83664,-0.01,2625
2.42531,1.83899,-0.01,2626
2.41824,1.84135,-0.01,2627
2.43237,1.83664,-0.01,2628
2.42531,1.83899,-0.01,2629
2.42531,1.83664,-0.01,2630
2.42060,1.83899,-0.01,2631
2.42531,1.83899,-0.01,2632
2.43001,1.83899,-0.01,2633
2.42531,1.83899,-0.01,2634
2.42060,1.83899,-0.01,2635
2.42295,1.83899,-0.01,2636
2.42295,1.83899,-0.01,2637
2.42295,1.84135,-0.01,2638
2.42295,1.84135,-0.01,2639
2.42060,1.84135,-0.01,2640
2.42531,1.83899,-0.01,2641
2.42531,1.83899,-0.01,2642
2.42766,1.83899,-0.01,2643
2.43001,1.84370,-0.01,2644
2.43708,1.83664,-0.01,2645
2.42766,1.83664,-0.01,2646
2.42766,1.83899,-0.01,2647
2.42531,1.83899,-0.01,2648
2.42531,1.83899,-0.01,2649
2.42766,1.83899,-0.01,2650
2.43472,1.83664,-0.01,2651
2.43472,1.83664,-0.01,2652
2.44414,1.83428,-0.01,2653
2.44414,1.83428,-0.01,2654
2.44179,1.83428,-0.01,2655
2.44179,1.83428,-0.01,2656
2.43943,1.83428,-0.01,2657
2.43472,1.83664,-0.01,2658
2.44179,1.83664,-0.01,2659
2.44179,1.83664,-0.01,2660
2.43472,1.83664,-0.01,2661
2.43472,1.83664,-0.01,2662
2.43472,1.83664,-0.01,2663
2.43472,1.83664,-0.01,2664
2.43943,1.83428,-0.01,2665
2.43708,1.83428,-0.01,2666
2.44414,1.83428,-0.01,2667
2.44179,1.83664,-0.01,2668
2.44414,1.83428,-0.01,2669
2.44650,1.83428,-0.01,2670
2.44650,1.83428,-0.01,2671
2.44179,1.83664,-0.01,2672
2.43708,1.83428,-0.01,2673
2.43943,1.83428,-0.01,2674
2.44179,1.83428,-0.01,2675
2.43472,1.83664,-0.01,2676
2.43943,1.83428,-0.01,2677
2.44179,1.83664,-0.01,2678
2.44414,1.83428,-0.01,2679
2.43943,1.83664,-0.01,2680
2.43943,1.83428,-0.01,2681
2.44179,1.83428,-0.01,2682
2.44414,1.83428,-0.01,2683
2.43943,1.83664,-0.01,2684
2.43708,1.83664,-0.01,2685
2.43943,1.83428,-0.01,2686
2.44414,1.83428,-0.01,2687
2.44179,1.83664,-0.01,2688
2.43943,1.83664,-0.01,2689
2.44414,1.83664,-0.01,2690
2.44650,1.83428,-0.01,2691
2.44179,1.83664,-0.01,2692
2.44414,1.83428,-0.01,2693
2.43943,1.83428,-0.01,2694
2.43708,1.84370,-0.01,2695
2.43943,1.83664,-0.01,2696
2.44179,1.83428,-0.01,2697
2.44179,1.83428,-0.01,2698
2.44414,1.83664,-0.01,2699
2.44650,1.83428,-0.01,2700
2.44414,1.84135,-0.01,2701
2.45121,1.83193,-0.01,2702
2.44885,1.83428,-0.01,2703
2.44885,1.83428,-0.01,2704
2.45356,1.83193,-0.01,2705
2.44650,1.84135,-0.01,2706
2.45121,1.83428,-0.01,2707
2.44885,1.83428,-0.01,2708
2.45356,1.83193,-0.01,2709
2.44885,1.83193,-0.01,2710
2.44885,1.83428,-0.01,2711
2.44650,1.83193,-0.01,2712
2.44414,1.83193,-0.01,2713
2.45121,1.83193,-0.01,2714
2.45121,1.83193,-0.01,2715
2.45121,1.83428,-0.01,2716
2.45356,1.83193,-0.01,2717
2.45356,1.83193,-0.01,2718
2.45356,1.83428,-0.01,2719
2.45592,1.83193,-0.01,2720
2.44885,1.83428,-0.01,2721
2.44650,1.83428,-0.01,2722
2.44179,1.83428,-0.01,2723
2.44650,1.83428,-0.01,2724
2.44650,1.83428,-0.01,2725
2.44414,1.83428,-0.01,2726
2.44650,1.83428,-0.01,2727
2.44885,1.83428,-0.01,2728
2.44885,1.83428,-0.01,2729
2.45121,1.83193,-0.01,2730
2.45356,1.83193,-0.01,2731
2.45827,1.83193,-0.01,2732
2.46063,1.83193,-0.01,2733
2.45592,1.83193,-0.01,2734
2.45356,1.83193,-0.01,2735
2.45827,1.83193,-0.01,2736
2.45827,1.83193,-0.01,2737
2.45592,1.83193,-0.01,2738
2.45592,1.83193,-0.01,2739
2.46063,1.83193,-0.01,2740
2.45121,1.83428,-0.01,2741
2.45121,1.83428,-0.01,2742
2.45121,1.83193,-0.01,2743
2.45121,1.83428,-0.01,2744
2.45592,1.83193,-0.01,2745
2.46063,1.82958,-0.01,2746
2.45592,1.83428,-0.01,2747
2.45592,1.83193,-0.01,2748
2.45592,1.83193,-0.01,2749
2.45356,1.83193,-0.01,2750
2.45121,1.83193,-0.01,2751
2.45356,1.83193,-0.01,2752
2.45592,1.83193,-0.01,2753
2.45592,1.83193,-0.01,2754
2.45592,1.83193,-0.01,2755
2.45356,1.83193,-0.01,2756
2.45356,1.83428,-0.01,2757
2.45592,1.83193,-0.01,2758
2.45592,1.82958,-0.01,2759
2.45356,1.83428,-0.01,2760
2.45356,1.82958,-0.01,2761
2.45827,1.83193,-0.01,2762
2.45827,1.83193,-0.01,2763
2.46063,1.82958,-0.01,2764
2.46063,1.83193,-0.01,2765
2.45827,1.83193,-0.01,2766
2.45827,1.83193,-0.01,2767
2.46063,1.83193,-0.01,2768
2.46533,1.83193,-0.01,2769
2.46298,1.83193,-0.01,2770
2.46533,1.82958,-0.01,2771
2.46769,1.82958,-0.01,2772
2.46769,1.83193,-0.01,2773
2.46533,1.82958,-0.01,2774
2.46769,1.82958,-0.01,2775
2.46298,1.82958,-0.01,2776
2.47004,1.82958,-0.01,2777
2.47240,1.82722,-0.01,2778
2.46769,1.82958,-0.01,2779
2.46769,1.82958,-0.01,2780
2.47004,1.82958,-0.01,2781
2.47004,1.82958,-0.01,2782
2.47004,1.82958,-0.01,2783
2.46533,1.82958,-0.01,2784
2.47004,1.82722,-0.01,2785
2.47004,1.82722,-0.01,2786
2.47004,1.82958,-0.01,2787
2.47004,1.82958,-0.01,2788
2.47475,1.82722,-0.01,2789
2.47475,1.82722,-0.01,2790
2.47475,1.82722,-0.01,2791
2.47475,1.82958,-0.01,2792
2.47475,1.82487,-0.01,2793
2.47946,1.82958,-0.01,2794
2.47711,1.82958,-0.01,2795
2.48417,1.82722,-0.01,2796
2.47475,1.82722,-0.01,2797
2.47240,1.82722,-0.01,2798
2.47004,1.82722,-0.01,2799
2.47475,1.82722,-0.01,2800
2.47475,1.82722,-0.01,2801
2.47004,1.82958,-0.01,2802
2.46533,1.82958,-0.01,2803
2.46769,1.82958,-0.01,2804
2.47240,1.82958,-0.01,2805
2.46533,1.82958,-0.01,2806
2.47004,1.82958,-0.01,2807
2.47240,1.82722,-0.01,2808
2.47475,1.82958,-0.01,2809
2.47475,1.82722,-0.01,2810
2.47711,1.82958,-0.01,2811
2.47240,1.82722,-0.01,2812
2.47240,1.82958,-0.01,2813
2.47711,1.82958,-0.01,2814
2.47711,1.82722,-0.01,2815
2.48182,1.82722,-0.01,2816
2.47711,1.82487,-0.01,2817
2.47946,1.82722,-0.01,2818
2.47711,1.82722,-0.01,2819
2.47240,1.82958,-0.01,2820
2.47946,1.82958,-0.01,2821
2.48182,1.82958,-0.01,2822
2.47946,1.82722,-0.01,2823
2.47711,1.82722,-0.01,2824
2.47475,1.82487,-0.01,2825
2.47240,1.82958,-0.01,2826
2.47475,1.82722,-0.01,2827
2.47711,1.82722,-0.01,2828
2.47946,1.82722,-0.01,2829
2.47711,1.82958,-0.01,2830
2.47475,1.82958,-0.01,2831
2.47475,1.82958,-0.01,2832
2.47711,1.82722,-0.01,2833
2.47240,1.82722,-0.01,2834
2.47240,1.82722,-0.01,2835
2.47240,1.82722,-0.01,2836
2.47240,1.82722,-0.01,2837
2.47240,1.82722,-0.01,2838
2.47711,1.82722,-0.01,2839
2.47711,1.83193,-0.01,2840
2.47240,1.82958,-0.01,2841
2.47475,1.82722,-0.01,2842
2.47475,1.82958,-0.01,2843
2.47711,1.82722,-0.01,2844
2.47711,1.82958,-0.01,2845
2.47475,1.82958,-0.01,2846
2.47711,1.82958,-0.01,2847
2.47946,1.82722,-0.01,2848
2.48182,1.82722,-0.01,2849
2.48182,1.82722,-0.01,2850
2.48182,1.82958,-0.01,2851
2.48182,1.82722,-0.01,2852
2.47711,1.82722,-0.01,2853
2.47946,1.82722,-0.01,2854
2.47946,1.82722,-0.01,2855
2.48182,1.82722,-0.01,2856
2.47711,1.82958,-0.01,2857
2.47946,1.82958,-0.01,2858
2.47946,1.82722,-0.01,2859
2.47946,1.82722,-0.01,2860
2.48417,1.82722,-0.01,2861
2.48417,1.82722,-0.01,2862
2.47711,1.82958,-0.01,2863
2.48182,1.82722,-0.01,2864
2.48653,1.82722,-0.01,2865
2.48182,1.82487,-0.01,2866
2.48182,1.82722,-0.01,2867
2.48182,1.82722,-0.01,2868
2.48417,1.83193,-0.01,2869
2.48653,1.82487,-0.01,2870
2.48653,1.82722,-0.01,2871
2.48888,1.82487,-0.01,2872
2.48653,1.82487,-0.01,2873
2.48417,1.82722,-0.01,2874
2.48888,1.82251,-0.01,2875
2.48888,1.82487,-0.01,2876
2.49124,1.82722,-0.01,2877
2.49359,1.82722,-0.01,2878
2.48888,1.82722,-0.01,2879
2.49124,1.82487,-0.01,2880
2.49124,1.82487,-0.01,2881
2.49124,1.82722,-0.01,2882
2.49124,1.82722,-0.01,2883
2.49595,1.82487,-0.01,2884
2.49595,1.82487,-0.01,2885
2.48888,1.82487,-0.01,2886
2.48888,1.82487,-0.01,2887
2.48888,1.82722,-0.01,2888
2.48888,1.82722,-0.01,2889
2.49124,1.82487,-0.01,2890
2.49124,1.82487,-0.01,2891
2.49124,1.82487,-0.01,2892
2.48888,1.82487,-0.01,2893
2.49359,1.82722,-0.01,2894
2.49124,1.82722,-0.01,2895
2.48888,1.82487,-0.01,2896
2.48888,1.82487,-0.01,2897
2.49359,1.82487,-0.01,2898
2.48653,1.82487,-0.01,2899
2.48653,1.82487,-0.01,2900
2.48182,1.82722,-0.01,2901
2.48417,1.82722,-0.01,2902
2.48888,1.82722,-0.01,2903
2.49359,1.82487,-0.01,2904
2.49595,1.82251,-0.01,2905
2.49359,1.82487,-0.01,2906
2.49595,1.82487,-0.01,2907
2.49830,1.82251,-0.01,2908
2.49595,1.82487,-0.01,2909
2.49595,1.82487,-0.01,2910
2.49359,1.82487,-0.01,2911
2.49830,1.82487,-0.01,2912
2.50065,1.82487,-0.01,2913
2.50065,1.82251,-0.01,2914
2.49595,1.82251,-0.01,2915
2.49124,1.82487,-0.01,2916
2.49124,1.82487,-0.01,2917
2.49830,1.82251,-0.01,2918
2.49830,1.82251,-0.01,2919
2.49124,1.82487,-0.01,2920
2.49359,1.82487,-0.01,2921
2.49595,1.82487,-0.01,2922
2.49830,1.82487,-0.01,2923
2.49595,1.82251,-0.01,2924
2.50065,1.82487,-0.01,2925
2.49830,1.82251,-0.01,2926
2.50065,1.82251,-0.01,2927
2.49830,1.82487,-0.01,2928
2.49595,1.82251,-0.01,2929
2.49359,1.82487,-0.01,2930
2.49595,1.82487,-0.01,2931
2.50301,1.82251,-0.01,2932
2.49830,1.82487,-0.01,2933
2.49595,1.82958,-0.01,2934
2.49595,1.82487,-0.01,2935
2.49359,1.82487,-0.01,2936
2.49830,1.82487,-0.01,2937
2.49830,1.82487,-0.01,2938
2.49830,1.82251,-0.01,2939
2.49830,1.82487,-0.01,2940
2.49595,1.82487,-0.01,2941
2.49359,1.82487,-0.01,2942
2.49830,1.82251,-0.01,2943
2.50301,1.82251,-0.01,2944
2.49830,1.82722,-0.01,2945
2.49830,1.82487,-0.01,2946
2.49595,1.82487,-0.01,2947
2.49595,1.82487,-0.01,2948
2.50065,1.82251,-0.01,2949
2.50065,1.82251,-0.01,2950
2.50065,1.82251,-0.01,2951
2.50301,1.82487,-0.01,2952
2.50065,1.82251,-0.01,2953
2.50301,1.82251,-0.01,2954
2.50301,1.82251,-0.01,2955
2.50301,1.82722,-0.01,2956
2.50536,1.82251,-0.01,2957
2.50772,1.82251,-0.01,2958
2.51714,1.82016,-0.01,2959
2.50536,1.82251,-0.01,2960
2.50301,1.82251,-0.01,2961
2.50301,1.82251,-0.01,2962
2.50301,1.82251,-0.01,2963
2.50301,1.82251,-0.01,2964
2.50301,1.82251,-0.01,2965
2.50536,1.82251,-0.01,2966
2.50536,1.82251,-0.01,2967
2.50065,1.82251,-0.01,2968
2.50536,1.82251,-0.01,2969
2.51007,1.82016,-0.01,2970
2.51243,1.82016,-0.01,2971
2.50772,1.82251,-0.01,2972
2.51007,1.82016,-0.01,2973
2.51478,1.82251,-0.01,2974
2.51243,1.82016,-0.01,2975
2.50772,1.82016,-0.01,2976
2.50772,1.82016,-0.01,2977
2.51007,1.82251,-0.01,2978
2.50772,1.82251,-0.01,2979
2.51714,1.82016,-0.01,2980
2.51007,1.82487,-0.01,2981
2.51243,1.82251,-0.01,2982
2.50536,1.82487,-0.01,2983
2.50772,1.82487,-0.01,2984
2.50301,1.82251,-0.01,2985
2.50536,1.82251,-0.01,2986
2.50536,1.82016,-0.01,2987
2.50772,1.82251,-0.01,2988
2.50536,1.82251,-0.01,2989
2.51007,1.82016,-0.01,2990
2.51007,1.82016,-0.01,2991
2.51478,1.82487,-0.01,2992
2.51478,1.82251,-0.01,2993
2.51007,1.82251,-0.01,2994
2.51007,1.82016,-0.01,2995
2.51243,1.82251,-0.01,2996
2.51243,1.82251,-0.01,2997
2.51478,1.81780,-0.01,2998
2.51478,1.82016,-0.01,2999
2.51714,1.82016,-0.01,3000
2.51949,1.81780,-0.01,3001
2.52185,1.82251,-0.01,3002
2.52185,1.82251,-0.01,3003
2.52185,1.81780,-0.01,3004
2.51714,1.82251,-0.01,3006
2.51949,1.82016,-0.01,3007
2.52185,1.82251,-0.01,3008
2.52185,1.82016,-0.01,3009
2.51714,1.82016,-0.01,3010
2.51478,1.82016,-0.01,3011
2.51478,1.82016,-0.01,3012
2.51478,1.82251,-0.01,3013
2.51478,1.82251,-0.01,3014
2.51478,1.82251,-0.01,3015
2.51949,1.82016,-0.01,3016
2.51949,1.81780,-0.01,3017
2.52185,1.81780,-0.01,3018
2.51714,1.82251,-0.01,3019
2.51949,1.82251,-0.01,3020
2.51478,1.82487,-0.01,3021
2.52185,1.82016,-0.01,3022
2.52891,1.81780,-0.01,3023
2.52891,1.81780,-0.01,3024
2.52656,1.82016,-0.01,3025
2.51949,1.81780,-0.01,3026
2.52420,1.81780,-0.01,3027
2.51949,1.82487,-0.01,3028
2.52891,1.81780,-0.01,3029
2.52891,1.82016,-0.01,3030
2.52891,1.81780,-0.01,3031
2.54068,1.81545,-0.01,3032
2.53362,1.81780,-0.01,3033
2.53362,1.81780,-0.01,3034
2.53127,1.81780,-0.01,3035
2.52420,1.81780,-0.01,3036
2.53362,1.81780,-0.01,3037
2.53362,1.81545,-0.01,3038
2.53362,1.81545,-0.01,3039
2.52891,1.82016,-0.01,3040
2.53127,1.81780,-0.01,3041
2.52656,1.81780,-0.01,3042
2.52891,1.81780,-0.01,3043
2.52656,1.82016,-0.01,3044
2.52420,1.82016,-0.01,3045
2.52185,1.82016,-0.01,3046
2.52891,1.81780,-0.01,3047
2.52891,1.81780,-0.01,3048
2.52420,1.82016,-0.01,3049
2.52656,1.81780,-0.01,3050
2.52891,1.81780,-0.01,3051
2.53127,1.81545,-0.01,3052
2.53127,1.81780,-0.01,3053
2.52891,1.81780,-0.01,3054
2.53362,1.81780,-0.01,3055
2.53597,1.81545,-0.01,3056
2.53833,1.81780,-0.01,3057
2.53362,1.81780,-0.01,3058
2.52891,1.82016,-0.01,3059
2.52420,1.81780,-0.01,3060
2.52656,1.81780,-0.01,3061
2.53127,1.81780,-0.01,3062
2.53127,1.81780,-0.01,3063
2.53362,1.81780,-0.01,3064
2.53362,1.82016,-0.01,3065
2.53127,1.82016,-0.01,3066
2.53127,1.82016,-0.01,3067
2.52891,1.81780,-0.01,3068
2.53362,1.81780,-0.01,3069
2.52891,1.81780,-0.01,3070
2.53597,1.81545,-0.01,3071
2.53362,1.81545,-0.01,3072
2.53127,1.82016,-0.01,3073
2.53127,1.82016,-0.01,3074
2.53833,1.81545,-0.01,3075
2.53833,1.81780,-0.01,3076
2.54304,1.81780,-0.01,3077
2.53833,1.81545,-0.01,3078
2.54068,1.81545,-0.01,3079
2.53597,1.81545,-0.01,3080
2.53833,1.81309,-0.01,3081
2.54068,1.81545,-0.01,3082
2.54068,1.81545,-0.01,3083
2.54539,1.81545,-0.01,3084
2.54539,1.81545,-0.01,3085
2.54304,1.81545,-0.01,3086
2.53833,1.81545,-0.01,3087
2.53833,1.81545,-0.01,3088
2.54068,1.81780,-0.01,3089
2.53833,1.81545,-0.01,3090
2.53833,1.81780,-0.01,3091
2.53833,1.81545,-0.01,3092
2.54304,1.81545,-0.01,3093
2.54068,1.81309,-0.01,3094
2.53833,1.81780,-0.01,3095
2.53833,1.81780,-0.01,3096
2.53833,1.81780,-0.01,3097
2.54068,1.81780,-0.01,3098
2.54775,1.81309,-0.01,3099
2.54775,1.81545,-0.01,3100
2.54539,1.81545,-0.01,3101
2.54304,1.81545,-0.01,3102
2.55246,1.81545,-0.01,3103
2.54539,1.81545,-0.01,3104
2.54775,1.81545,-0.01,3105
2.54775,1.81309,-0.01,3106
2.54539,1.81545,-0.01,3107
2.55010,1.81545,-0.01,3108
2.55010,1.81309,-0.01,3109
2.55010,1.81545,-0.01,3110
2.55246,1.81309,-0.01,3111
2.55246,1.81309,-0.01,3112
2.55246,1.81309,-0.01,3113
2.55246,1.81309,-0.01,3114
2.55010,1.81545,-0.01,3115
2.55010,1.81545,-0.01,3116
2.54539,1.81545,-0.01,3117
2.54539,1.81545,-0.01,3118
2.54775,1.81309,-0.01,3119
2.55246,1.81545,-0.01,3120
2.55246,1.81309,-0.01,3121
2.55010,1.81309,-0.01,3122
2.55010,1.81309,-0.01,3123
2.55010,1.81545,-0.01,3124
2.55010,1.81545,-0.01,3125
2.54775,1.81309,-0.01,3126
2.56659,1.81074,-0.01,3127
2.56423,1.81074,-0.01,3128
2.56659,1.80838,-0.01,3129
2.56423,1.81074,-0.01,3130
2.57129,1.81074,-0.01,3131
2.57129,1.80603,-0.01,3132
2.57129,1.80838,-0.01,3133
2.57129,1.81074,-0.01,3134
2.57365,1.80838,-0.01,3135
2.57365,1.81074,-0.01,3136
2.57836,1.80838,-0.01,3137
2.57600,1.81309,-0.01,3138
2.57129,1.81074,-0.01,3139
2.57365,1.80838,-0.01,3140
2.57365,1.81074,-0.01,3141
2.57600,1.81074,-0.01,3142
2.58071,1.81074,-0.01,3143
2.57600,1.81074,-0.01,3144
2.57129,1.81074,-0.01,3145
2.57600,1.80838,-0.01,3146
2.57365,1.80838,-0.01,3147
2.57836,1.80838,-0.01,3148
2.57600,1.80838,-0.01,3149
2.57600,1.80838,-0.01,3150
2.57600,1.80838,-0.01,3151
2.58071,1.80838,-0.01,3152
2.57600,1.80838,-0.01,3153
2.58307,1.80838,-0.01,3154
2.58071,1.81074,-0.01,3155
2.58542,1.80367,-0.01,3156
2.58542,1.80603,-0.01,3157
2.58542,1.80838,-0.01,3158
2.59249,1.80603,-0.01,3159
2.58778,1.80603,-0.01,3160
2.59720,1.80603,-0.01,3161
2.58071,1.80838,-0.01,3162
2.58071,1.80838,-0.01,3163
2.58071,1.80603,-0.01,3164
2.57836,1.81309,-0.01,3165
2.57836,1.80838,-0.01,3166
2.57600,1.80838,-0.01,3167
2.57600,1.80838,-0.01,3168
2.57836,1.80838,-0.01,3169
2.57836,1.80603,-0.01,3170
2.58071,1.80838,-0.01,3171
2.57129,1.81545,-0.01,3172
2.57600,1.80838,-0.01,3173
2.57365,1.80838,-0.01,3174
2.58071,1.80838,-0.01,3175
2.57600,1.81074,-0.01,3176
2.57836,1.81074,-0.01,3177
2.58071,1.81074,-0.01,3178
2.57836,1.80603,-0.01,3179
2.57836,1.80838,-0.01,3180
2.58071,1.80603,-0.01,3181
2.57836,1.80838,-0.01,3182
2.58307,1.80603,-0.01,3183
2.57836,1.80838,-0.01,3184
2.58307,1.80838,-0.01,3185
2.58307,1.80603,-0.01,3186
2.58307,1.80603,-0.01,3187
2.58542,1.80603,-0.01,3188
2.58778,1.80838,-0.01,3189
2.58542,1.80838,-0.01,3190
2.58071,1.80838,-0.01,3191
2.58307,1.80838,-0.01,3192
2.58307,1.80838,-0.01,3193
2.58307,1.80603,-0.01,3194
2.58778,1.80603,-0.01,3195
2.58307,1.80838,-0.01,3196
2.58778,1.80603,-0.01,3197
2.58778,1.80603,-0.01,3198
2.58778,1.80367,-0.01,3199
2.58778,1.80367,-0.01,3200
2.59013,1.80603,-0.01,3201
2.59249,1.80367,-0.01,3202
2.59720,1.80367,-0.01,3203
2.59013,1.80367,-0.01,3204
2.59249,1.80132,-0.01,3205
2.58778,1.80367,-0.01,3206
2.58778,1.80367,-0.01,3207
2.59013,1.80367,-0.01,3208
2.59013,1.80367,-0.01,3209
2.58778,1.80367,-0.01,3210
2.58542,1.80367,-0.01,3211
2.58542,1.80367,-0.01,3212
2.58071,1.80603,-0.01,3213
2.58307,1.80603,-0.01,3214
2.58307,1.80367,-0.01,3215
2.58542,1.80367,-0.01,3216
2.58542,1.80367,-0.01,3217
2.58778,1.80603,-0.01,3218
2.58307,1.80838,-0.01,3219
2.58307,1.80603,-0.01,3220
2.58542,1.80367,-0.01,3221
2.58778,1.80367,-0.01,3222
2.58071,1.80603,-0.01,3223
2.58778,1.80367,-0.01,3224
2.59013,1.80367,-0.01,3225
2.58778,1.80603,-0.01,3226
2.59249,1.80367,-0.01,3227
2.59955,1.80132,-0.01,3228
2.59484,1.80132,-0.01,3229
2.59484,1.80132,-0.01,3230
2.59013,1.80838,-0.01,3231
2.59720,1.80132,-0.01,3232
2.59955,1.80132,-0.01,3233
2.59720,1.80367,-0.01,3234
2.59249,1.80132,-0.01,3235
2.59484,1.80132,-0.01,3236
2.59484,1.80132,-0.01,3237
2.59249,1.80132,-0.01,3238
2.59249,1.80367,-0.01,3239
2.59249,1.80603,-0.01,3240
2.59720,1.80132,-0.01,3241
2.59484,1.80367,-0.01,3242
2.59484,1.80367,-0.01,3243
2.59720,1.80132,-0.01,3244
2.59484,1.80838,-0.01,3245
2.59484,1.80132,-0.01,3246
2.57365,1.80603,-0.01,3247
2.57836,1.80603,-0.01,3248
2.57836,1.80603,-0.01,3249
2.58307,1.80603,-0.01,3250
2.59720,1.80132,-0.01,3251
2.60191,1.80132,-0.01,3252
2.60191,1.80132,-0.01,3253
2.60661,1.80132,-0.01,3254
2.58307,1.80603,-0.01,3255
2.58071,1.80367,-0.01,3256
2.57836,1.80603,-0.01,3257
2.59955,1.80132,-0.01,3258
2.59720,1.80132,-0.01,3259
2.60191,1.80132,-0.01,3260
2.60426,1.80132,-0.01,3261
2.58071,1.80603,-0.01,3262
2.58542,1.81074,-0.01,3263
2.59720,1.80367,-0.01,3264
2.59484,1.80367,-0.01,3265
2.59720,1.80367,-0.01,3266
2.57129,1.80838,-0.01,3267
2.57600,1.80838,-0.01,3268
2.57600,1.80838,-0.01,3269
2.57600,1.80838,-0.01,3270
2.57129,1.80838,-0.01,3271
2.56894,1.80838,-0.01,3272
2.57129,1.80838,-0.01,3273
2.57129,1.81545,-0.01,3274
2.57365,1.80838,-0.01,3275
2.57365,1.80838,-0.01,3276
2.58778,1.80367,-0.01,3277
2.59249,1.80367,-0.01,3278
2.59013,1.80367,-0.01,3279
2.59249,1.80838,-0.01,3280
2.59249,1.80367,-0.01,3281
2.59484,1.80367,-0.01,3282
2.58778,1.80367,-0.01,3283
2.58778,1.80603,-0.01,3284
2.56659,1.81074,-0.01,3285
2.57129,1.80838,-0.01,3286
2.57129,1.81074,-0.01,3287
2.57129,1.80838,-0.01,3288
2.57836,1.80603,-0.01,3289
2.57836,1.80838,-0.01,3290
2.59720,1.80132,-0.01,3291
2.59720,1.80367,-0.01,3292
2.59484,1.80367,-0.01,3293
2.59249,1.80367,-0.01,3294
2.60897,1.80132,-0.01,3295
2.60191,1.80367,-0.01,3296
2.57600,1.80603,-0.01,3297
2.58542,1.80603,-0.01,3298
2.60426,1.80132,-0.01,3299
2.60661,1.80132,-0.01,3300
2.60661,1.80132,-0.01,3301
2.60661,1.80132,-0.01,3302
2.58307,1.80838,-0.01,3303
2.58542,1.80603,-0.01,3304
2.60897,1.80132,-0.01,3305
2.60661,1.79896,-0.01,3306
2.59955,1.80367,-0.01,3307
2.59484,1.80367,-0.01,3308
2.59720,1.80367,-0.01,3309
2.57600,1.80838,-0.01,3310
2.58307,1.80603,-0.01,3311
2.58542,1.80603,-0.01,3312
2.60191,1.80132,-0.01,3313
2.60661,1.80132,-0.01,3314
2.60661,1.80132,-0.01,3315
2.60661,1.80367,-0.01,3316
2.61132,1.80132,-0.01,3317
2.60661,1.80132,-0.01,3318
2.60661,1.80132,-0.01,3319
2.58071,1.80838,-0.01,3320
2.60661,1.80367,-0.01,3321
2.60897,1.80367,-0.01,3322
2.61132,1.80132,-0.01,3323
2.61132,1.80132,-0.01,3324
2.61368,1.80132,-0.01,3325
2.61603,1.80132,-0.01,3326
2.61603,1.79896,-0.01,3327
2.59013,1.80367,-0.01,3328
2.59484,1.80367,-0.01,3329
2.61368,1.79896,-0.01,3330
2.61132,1.80132,-0.01,3331
2.61368,1.80132,-0.01,3332
2.61368,1.79896,-0.01,3333
2.58542,1.80603,-0.01,3334
2.61132,1.80132,-0.01,3335
2.61132,1.80132,-0.01,3336
2.61603,1.80132,-0.01,3337
2.61368,1.79896,-0.01,3338
2.61368,1.80132,-0.01,3339
2.61132,1.80367,-0.01,3340
2.61132,1.80367,-0.01,3341
2.59484,1.80367,-0.01,3342
2.59955,1.80367,-0.01,3343
2.59484,1.80603,-0.01,3344
2.59013,1.80603,-0.01,3345
2.59249,1.80367,-0.01,3346
2.59249,1.80603,-0.01,3347
2.59484,1.80367,-0.01,3348
2.61132,1.80132,-0.01,3349
2.61603,1.79896,-0.01,3350
2.61132,1.80132,-0.01,3351
2.61368,1.80132,-0.01,3352
2.61603,1.80132,-0.01,3353
2.62074,1.79896,-0.01,3354
2.61839,1.80132,-0.01,3355
2.61839,1.80132,-0.01,3356
2.61368,1.79896,-0.01,3357
2.61603,1.80132,-0.01,3358
2.61603,1.80132,-0.01,3359
2.61603,1.80132,-0.01,3360
2.61603,1.79896,-0.01,3361
2.61368,1.80132,-0.01,3362
2.61603,1.80132,-0.01,3363
2.61603,1.80132,-0.01,3364
2.62074,1.80132,-0.01,3365
2.62074,1.79896,-0.01,3366
2.61839,1.79896,-0.01,3367
2.62074,1.80132,-0.01,3368
2.62074,1.79896,-0.01,3369
2.62074,1.79896,-0.01,3370
2.61839,1.80132,-0.01,3371
2.62074,1.79661,-0.01,3372
2.62781,1.79661,-0.01,3373
2.62545,1.79661,-0.01,3374
2.62074,1.80132,-0.01,3375
2.62545,1.79896,-0.01,3376
2.62545,1.79896,-0.01,3377
2.62310,1.79661,-0.01,3378
2.62781,1.79896,-0.01,3379
2.62545,1.79661,-0.01,3380
2.63016,1.79896,-0.01,3381
2.63016,1.79661,-0.01,3382
2.62781,1.79896,-0.01,3383
2.62545,1.79896,-0.01,3384
2.62545,1.79896,-0.01,3385
2.62781,1.79661,-0.01,3386
2.62310,1.79661,-0.01,3387
2.61839,1.80132,-0.01,3388
2.62074,1.79896,-0.01,3389
2.62074,1.79896,-0.01,3390
2.62310,1.79896,-0.01,3391
2.62781,1.79661,-0.01,3392
2.62074,1.79896,-0.01,3393
2.61603,1.79896,-0.01,3394
2.61839,1.79896,-0.01,3395
2.62074,1.80132,-0.01,3396
2.62074,1.79896,-0.01,3397
2.62310,1.80132,-0.01,3398
2.60191,1.80367,-0.01,3399
2.60191,1.80367,-0.01,3400
2.59955,1.80367,-0.01,3401
2.61839,1.79896,-0.01,3402
2.62074,1.79896,-0.01,3403
2.61839,1.80132,-0.01,3404
2.62074,1.79896,-0.01,3405
2.61839,1.79896,-0.01,3406
2.62310,1.79661,-0.01,3407
2.62781,1.79896,-0.01,3408
2.62545,1.79896,-0.01,3409
2.60191,1.80367,-0.01,3410
2.60426,1.80367,-0.01,3411
2.63252,1.79661,-0.01,3412
2.63016,1.79896,-0.01,3413
2.63252,1.79661,-0.01,3414
2.60661,1.80132,-0.01,3415
2.62545,1.79896,-0.01,3416
2.62781,1.79896,-0.01,3417
2.63487,1.79896,-0.01,3418
2.60661,1.80132,-0.01,3419
2.62781,1.79896,-0.01,3420
2.62781,1.79661,-0.01,3421
2.62781,1.79661,-0.01,3422
2.60661,1.80367,-0.01,3423
2.63016,1.79661,-0.01,3424
2.63016,1.79661,-0.01,3425
2.63016,1.79661,-0.01,3426
2.63252,1.79661,-0.01,3427
2.63487,1.79661,-0.01,3428
2.61603,1.80132,-0.01,3429
2.63252,1.79661,-0.01,3430
2.62545,1.79661,-0.01,3431
2.62781,1.79661,-0.01,3432
2.62545,1.79896,-0.01,3433
2.62545,1.79661,-0.01,3434
2.62545,1.79896,-0.01,3435
2.62074,1.79896,-0.01,3436
2.60897,1.80132,-0.01,3437
2.62781,1.79661,-0.01,3438
2.63723,1.79661,-0.01,3439
2.63252,1.79661,-0.01,3440
2.63252,1.79896,-0.01,3441
2.63487,1.79661,-0.01,3442
2.62781,1.79896,-0.01,3443
2.63252,1.79896,-0.01,3444
2.63016,1.79896,-0.01,3445
2.63252,1.79661,-0.01,3446
2.63252,1.79896,-0.01,3447
2.63016,1.79896,-0.01,3448
2.63252,1.79661,-0.01,3449
2.63252,1.79896,-0.01,3450
2.63252,1.79426,-0.01,3451
2.63016,1.79896,-0.01,3452
2.62781,1.79661,-0.01,3453
2.63252,1.79661,-0.01,3454
2.63016,1.79661,-0.01,3455
2.63487,1.79661,-0.01,3456
2.62781,1.79661,-0.01,3457
2.62545,1.79896,-0.01,3458
2.62545,1.79896,-0.01,3459
2.62310,1.79896,-0.01,3460
2.61839,1.79896,-0.01,3461
2.62074,1.79896,-0.01,3462
2.62310,1.79661,-0.01,3463
2.62545,1.79896,-0.01,3464
2.63016,1.79661,-0.01,3465
2.61132,1.80132,-0.01,3466
2.63016,1.79896,-0.01,3467
2.63487,1.79661,-0.01,3468
2.63723,1.79661,-0.01,3469
2.61839,1.80132,-0.01,3470
2.63958,1.79661,-0.01,3471
2.63958,1.79896,-0.01,3472
2.61603,1.80132,-0.01,3473
2.64193,1.79661,-0.01,3474
2.63958,1.79661,-0.01,3475
2.64193,1.79426,-0.01,3476
2.62074,1.79896,-0.01,3477
2.64429,1.79426,-0.01,3478
2.64193,1.79661,-0.01,3479
2.64429,1.79426,-0.01,3480
2.64429,1.79426,-0.01,3481
2.65135,1.79426,-0.01,3482
2.63958,1.79661,-0.01,3483
2.63958,1.79661,-0.01,3484
2.63723,1.79661,-0.01,3485
2.63487,1.79661,-0.01,3486
2.63958,1.79661,-0.01,3487
2.63958,1.79661,-0.01,3488
2.63487,1.79896,-0.01,3489
2.63252,1.79896,-0.01,3490
2.63487,1.79661,-0.01,3491
2.61603,1.80132,-0.01,3492
2.64193,1.79426,-0.01,3493
2.63487,1.79661,-0.01,3494
2.63723,1.79661,-0.01,3495
2.63487,1.79661,-0.01,3496
2.63723,1.79661,-0.01,3497
2.63723,1.79661,-0.01,3498
2.63723,1.79896,-0.01,3499
2.64193,1.79661,-0.01,3500
2.63958,1.79896,-0.01,3501
2.64429,1.79661,-0.01,3502
2.64429,1.79661,-0.01,3503
2.64900,1.79426,-0.01,3504
2.64664,1.79661,-0.01,3505
2.64429,1.79661,-0.01,3507
2.63723,1.79661,-0.01,3508
2.63958,1.79661,-0.01,3509
2.64193,1.79426,-0.01,3510
2.63958,1.79661,-0.01,3511
2.63958,1.79426,-0.01,3512
2.64193,1.79426,-0.01,3513
2.64664,1.79426,-0.01,3514
2.64664,1.79426,-0.01,3515
2.65135,1.79426,-0.01,3516
2.65371,1.79426,-0.01,3517
2.64664,1.79426,-0.01,3518
2.65135,1.79426,-0.01,3519
2.64900,1.79426,-0.01,3520
2.64664,1.79426,-0.01,3521
2.64664,1.79426,-0.01,3522
2.64664,1.79426,-0.01,3523
2.64900,1.79426,-0.01,3524
2.65135,1.79426,-0.01,3525
2.64664,1.79426,-0.01,3526
2.64900,1.79426,-0.01,3527
2.64900,1.79426,-0.01,3528
2.64664,1.79426,-0.01,3529
2.63958,1.79661,-0.01,3530
2.64193,1.79426,-0.01,3531
2.64193,1.79426,-0.01,3532
2.64664,1.79661,-0.01,3533
2.64664,1.79426,-0.01,3534
2.64900,1.79426,-0.01,3535
2.64664,1.79426,-0.01,3536
2.64664,1.79426,-0.01,3537
2.65371,1.79426,-0.01,3538
2.66784,1.79190,-0.01,3539
2.64900,1.80132,-0.01,3540
2.65135,1.79190,-0.01,3541
2.65135,1.79426,-0.01,3542
2.65135,1.79426,-0.01,3543
2.65135,1.79426,-0.01,3544
2.65371,1.79426,-0.01,3545
2.65135,1.79426,-0.01,3546
2.64429,1.79426,-0.01,3547
2.64664,1.79426,-0.01,3548
2.64664,1.79426,-0.01,3549
2.64900,1.79426,-0.01,3550
2.64664,1.79426,-0.01,3551
2.65135,1.79190,-0.01,3552
2.65371,1.79426,-0.01,3553
2.64429,1.79661,-0.01,3554
2.64900,1.79426,-0.01,3555
2.64900,1.79426,-0.01,3556
2.64900,1.79426,-0.01,3557
2.64429,1.79190,-0.01,3558
2.64900,1.79426,-0.01,3559
2.65371,1.79426,-0.01,3560
2.65606,1.79190,-0.01,3561
2.65135,1.79426,-0.01,3562
2.65606,1.79190,-0.01,3563
2.64900,1.79426,-0.01,3564
2.65135,1.79426,-0.01,3565
2.65842,1.79426,-0.01,3566
2.65606,1.79190,-0.01,3567
2.65842,1.79190,-0.01,3568
2.65842,1.79190,-0.01,3569
2.65371,1.79426,-0.01,3570
2.65606,1.79190,-0.01,3571
2.65135,1.79426,-0.01,3572
2.65606,1.79661,-0.01,3573
2.65371,1.79426,-0.01,3574
2.65135,1.79426,-0.01,3575
2.65606,1.79190,-0.01,3576
2.65135,1.79426,-0.01,3577
2.65371,1.79661,-0.01,3578
2.65371,1.79426,-0.01,3579
2.65842,1.79190,-0.01,3580
2.65842,1.79190,-0.01,3581
2.66077,1.79190,-0.01,3582
2.66077,1.79190,-0.01,3583
2.66077,1.78955,-0.01,3584
2.66313,1.78955,-0.01,3585
2.66077,1.79190,-0.01,3586
2.66077,1.79190,-0.01,3587
2.65842,1.79190,-0.01,3588
2.66313,1.79190,-0.01,3589
2.66077,1.79190,-0.01,3590
2.65606,1.79190,-0.01,3591
2.65606,1.79190,-0.01,3592
2.65606,1.79190,-0.01,3593
2.65371,1.79661,-0.01,3594
2.65135,1.79426,-0.01,3595
2.65606,1.79190,-0.01,3596
2.65842,1.79190,-0.01,3597
2.65842,1.78955,-0.01,3598
2.66077,1.79190,-0.01,3599
2.66077,1.79190,-0.01,3600
2.65606,1.79426,-0.01,3601
2.66077,1.79190,-0.01,3602
2.66077,1.79426,-0.01,3603
2.66077,1.79190,-0.01,3604
2.66548,1.79190,-0.01,3605
2.67725,1.78955,-0.01,3606
2.66784,1.79190,-0.01,3607
2.66784,1.78955,-0.01,3608
2.66548,1.79190,-0.01,3609
2.66784,1.79190,-0.01,3610
2.66784,1.79190,-0.01,3611
2.67019,1.78955,-0.01,3612
2.67255,1.78955,-0.01,3613
2.67019,1.79426,-0.01,3614
2.67019,1.79190,-0.01,3615
2.66784,1.79190,-0.01,3616
2.66313,1.79190,-0.01,3617
2.66548,1.79426,-0.01,3618
2.66548,1.78955,-0.01,3619
2.66784,1.79190,-0.01,3620
2.67019,1.79190,-0.01,3621
2.67019,1.79190,-0.01,3622
2.66313,1.79190,-0.01,3623
2.67725,1.79190,-0.01,3624
2.66548,1.79190,-0.01,3625
2.66784,1.78955,-0.01,3626
2.67255,1.78955,-0.01,3627
2.67019,1.78955,-0.01,3628
2.67255,1.78955,-0.01,3629
2.67255,1.78955,-0.01,3630
2.66784,1.79190,-0.01,3631
2.66313,1.78955,-0.01,3632
2.67255,1.78955,-0.01,3633
2.67255,1.78955,-0.01,3634
2.67255,1.78955,-0.01,3635
2.67255,1.78955,-0.01,3636
2.68432,1.78955,-0.01,3637
2.67255,1.78955,-0.01,3638
2.67019,1.79190,-0.01,3639
2.67255,1.78955,-0.01,3640
2.67019,1.78955,-0.01,3641
2.67725,1.78955,-0.01,3642
2.67255,1.78955,-0.01,3643
2.67490,1.78955,-0.01,3644
2.67255,1.78955,-0.01,3645
2.66784,1.79190,-0.01,3646
2.66548,1.78955,-0.01,3647
2.67019,1.78955,-0.01,3648
2.67019,1.78719,-0.01,3649
2.67255,1.78955,-0.01,3650
2.67019,1.79190,-0.01,3651
2.67019,1.79190,-0.01,3652
2.67019,1.79190,-0.01,3653
2.66784,1.78955,-0.01,3654
2.66313,1.79190,-0.01,3655
2.66784,1.78955,-0.01,3656
2.66784,1.79190,-0.01,3657
2.66784,1.78955,-0.01,3658
2.67255,1.78955,-0.01,3659
2.66784,1.78955,-0.01,3660
2.67019,1.78955,-0.01,3661
2.66784,1.79661,-0.01,3662
2.67019,1.79190,-0.01,3663
2.66784,1.78955,-0.01,3664
2.66784,1.79190,-0.01,3665
2.67019,1.78955,-0.01,3666
2.67019,1.78955,-0.01,3667
2.66784,1.79190,-0.01,3668
2.66077,1.79190,-0.01,3669
2.66313,1.78955,-0.01,3670
2.66784,1.79190,-0.01,3671
2.66548,1.78955,-0.01,3672
2.66548,1.79190,-0.01,3673
2.66784,1.78955,-0.01,3674
2.66548,1.79190,-0.01,3675
2.66784,1.79190,-0.01,3676
2.67255,1.78955,-0.01,3677
2.67255,1.78955,-0.01,3678
2.64900,1.79190,-0.01,3679
2.66548,1.79190,-0.01,3680
2.67019,1.78955,-0.01,3681
2.67019,1.78955,-0.01,3682
2.67019,1.78955,-0.01,3683
2.67490,1.79190,-0.01,3684
2.67255,1.79190,-0.01,3685
2.67255,1.78955,-0.01,3686
2.67490,1.78719,-0.01,3687
2.67255,1.78955,-0.01,3688
2.67725,1.78719,-0.01,3689
2.68196,1.78719,-0.01,3690
2.67961,1.78719,-0.01,3691
2.67961,1.78719,-0.01,3692
2.67490,1.79190,-0.01,3693
2.67255,1.79190,-0.01,3694
2.67725,1.78955,-0.01,3695
2.67490,1.78955,-0.01,3696
2.67490,1.78955,-0.01,3697
2.67255,1.78955,-0.01,3698
2.67725,1.78955,-0.01,3699
2.67490,1.78955,-0.01,3700
2.67255,1.78955,-0.01,3701
2.67725,1.78955,-0.01,3702
2.67255,1.78955,-0.01,3703
2.67490,1.79190,-0.01,3704
2.67961,1.78719,-0.01,3705
2.68196,1.78955,-0.01,3706
2.67725,1.79190,-0.01,3707
2.67490,1.78955,-0.01,3708
2.67725,1.78719,-0.01,3709
2.67490,1.78955,-0.01,3710
2.67961,1.78719,-0.01,3711
2.67490,1.79190,-0.01,3712
2.68432,1.78719,-0.01,3713
2.67961,1.78955,-0.01,3714
2.68196,1.78719,-0.01,3715
2.68903,1.78719,-0.01,3716
2.68432,1.78719,-0.01,3717
2.68196,1.78955,-0.01,3718
2.68432,1.78719,-0.01,3719
2.68432,1.78719,-0.01,3720
2.69138,1.78719,-0.01,3721
2.68667,1.78955,-0.01,3722
2.68432,1.78719,-0.01,3723
2.66548,1.78955,-0.01,3724
2.68667,1.78955,-0.01,3725
2.67725,1.79190,-0.01,3726
2.67961,1.78955,-0.01,3727
2.67490,1.78955,-0.01,3728
2.67961,1.78955,-0.01,3729
2.67255,1.78955,-0.01,3730
2.67725,1.79190,-0.01,3731
2.67725,1.78719,-0.01,3732
2.67490,1.78955,-0.01,3733
2.67961,1.78484,-0.01,3734
2.67725,1.79190,-0.01,3735
2.67725,1.78955,-0.01,3736
2.67961,1.78955,-0.01,3737
2.67725,1.78719,-0.01,3738
2.67961,1.78719,-0.01,3739
2.67961,1.78719,-0.01,3740
2.67961,1.78719,-0.01,3741
2.67725,1.79190,-0.01,3742
2.67961,1.79190,-0.01,3743
2.67490,1.78955,-0.01,3744
2.68196,1.78955,-0.01,3745
2.67961,1.78955,-0.01,3746
2.67725,1.78955,-0.01,3747
2.67725,1.78955,-0.01,3748
2.68196,1.78955,-0.01,3749
2.68432,1.78955,-0.01,3750
2.67961,1.78719,-0.01,3751
2.68432,1.78955,-0.01,3752
2.68432,1.78955,-0.01,3753
2.68903,1.78719,-0.01,3754
2.68667,1.79190,-0.01,3755
2.67961,1.78955,-0.01,3756
2.68196,1.78719,-0.01,3757
2.69138,1.78719,-0.01,3758
2.68432,1.78719,-0.01,3759
2.67961,1.78719,-0.01,3760
2.67961,1.78719,-0.01,3761
2.67961,1.78719,-0.01,3762
2.67255,1.78719,-0.01,3763
2.67961,1.78719,-0.01,3764
2.67961,1.78719,-0.01,3765
2.68196,1.78719,-0.01,3766
2.68196,1.79190,-0.01,3767
2.68196,1.78719,-0.01,3768
2.68196,1.78719,-0.01,3769
2.67961,1.78719,-0.01,3770
2.67961,1.78719,-0.01,3771
2.67961,1.78955,-0.01,3772
2.68432,1.78719,-0.01,3773
2.68903,1.78719,-0.01,3774
2.68667,1.78719,-0.01,3775
2.68667,1.78719,-0.01,3776
2.68903,1.78484,-0.01,3777
2.68903,1.78484,-0.01,3778
2.68667,1.78955,-0.01,3779
2.68903,1.78484,-0.01,3780
2.68903,1.78484,-0.01,3781
2.69138,1.78484,-0.01,3782
2.69138,1.78719,-0.01,3783
2.69138,1.78719,-0.01,3784
2.69845,1.78484,-0.01,3785
2.69374,1.78484,-0.01,3786
2.69374,1.78719,-0.01,3787
2.68903,1.78484,-0.01,3788
2.69138,1.78719,-0.01,3789
2.68432,1.78719,-0.01,3790
2.68432,1.78719,-0.01,3791
2.68667,1.78719,-0.01,3792
2.68667,1.78719,-0.01,3793
2.68432,1.78719,-0.01,3794
2.68432,1.78719,-0.01,3795
2.68667,1.78484,-0.01,3796
2.68667,1.78484,-0.01,3797
2.68903,1.78484,-0.01,3798
2.69374,1.78484,-0.01,3799
2.69374,1.78484,-0.01,3800
2.69609,1.78484,-0.01,3801
2.69374,1.78484,-0.01,3802
2.68903,1.78484,-0.01,3803
2.68432,1.78719,-0.01,3804
2.68903,1.78484,-0.01,3805
2.68903,1.78719,-0.01,3806
2.68903,1.78719,-0.01,3807
2.69138,1.78484,-0.01,3808
2.69138,1.78484,-0.01,3809
2.68903,1.78719,-0.01,3810
2.69138,1.78484,-0.01,3811
2.68903,1.78955,-0.01,3812
2.68432,1.78719,-0.01,3813
2.68667,1.78719,-0.01,3814
2.69138,1.78484,-0.01,3815
2.68903,1.78484,-0.01,3816
2.69374,1.78484,-0.01,3817
2.68903,1.78719,-0.01,3818
2.69138,1.78484,-0.01,3819
2.68903,1.78719,-0.01,3820
2.69138,1.78719,-0.01,3821
2.68903,1.78484,-0.01,3822
2.68903,1.78484,-0.01,3823
2.68667,1.78719,-0.01,3824
2.69138,1.78484,-0.01,3825
2.69374,1.78248,-0.01,3826
2.69845,1.78484,-0.01,3827
2.69609,1.78484,-0.01,3828
2.69609,1.78248,-0.01,3829
2.69845,1.78484,-0.01,3830
2.69374,1.78484,-0.01,3831
2.69845,1.78484,-0.01,3832
2.69374,1.78484,-0.01,3833
2.69609,1.78484,-0.01,3834
2.69609,1.78484,-0.01,3835
2.69845,1.78484,-0.01,3836
2.69609,1.78719,-0.01,3837
2.69845,1.78248,-0.01,3838
2.70080,1.78248,-0.01,3839
2.69609,1.78248,-0.01,3840
2.69609,1.78484,-0.01,3841
2.69609,1.78484,-0.01,3842
2.69374,1.78484,-0.01,3843
2.69609,1.78484,-0.01,3844
2.69845,1.78484,-0.01,3845
2.70080,1.78484,-0.01,3846
2.70551,1.78248,-0.01,3847
2.70551,1.78248,-0.01,3848
2.70080,1.78248,-0.01,3849
2.69845,1.78484,-0.01,3850
2.69845,1.78484,-0.01,3851
2.70080,1.78248,-0.01,3852
2.70316,1.78484,-0.01,3853
2.70787,1.78248,-0.01,3854
2.71022,1.78013,-0.01,3855
2.71022,1.78248,-0.01,3856
2.71022,1.78248,-0.01,3857
2.70551,1.78248,-0.01,3858
2.70787,1.78484,-0.01,3859
2.71022,1.78248,-0.01,3860
2.71022,1.78248,-0.01,3861
2.71257,1.78013,-0.01,3862
2.71257,1.78013,-0.01,3863
2.71022,1.78248,-0.01,3864
2.70787,1.78248,-0.01,3865
2.70787,1.78484,-0.01,3866
2.71022,1.78248,-0.01,3867
2.71493,1.78013,-0.01,3868
2.71257,1.78248,-0.01,3869
2.71493,1.78248,-0.01,3870
2.71257,1.78013,-0.01,3871
2.71257,1.78013,-0.01,3872
2.70787,1.78013,-0.01,3873
2.70551,1.78248,-0.01,3874
2.70316,1.78248,-0.01,3875
2.70551,1.78013,-0.01,3876
2.71022,1.78248,-0.01,3877
2.71257,1.78248,-0.01,3878
2.71493,1.78013,-0.01,3879
2.71257,1.78013,-0.01,3880
2.71493,1.78013,-0.01,3881
2.71022,1.78248,-0.01,3882
2.70551,1.78719,-0.01,3883
2.71257,1.78013,-0.01,3884
2.71493,1.78013,-0.01,3885
2.71493,1.78013,-0.01,3886
2.70316,1.78484,-0.01,3887
2.70551,1.78248,-0.01,3888
2.70787,1.78248,-0.01,3889
2.70080,1.78248,-0.01,3890
2.70787,1.78484,-0.01,3891
2.71022,1.78013,-0.01,3892
2.71022,1.78248,-0.01,3893
2.70551,1.78248,-0.01,3894
2.70787,1.78248,-0.01,3895
2.70787,1.78484,-0.01,3896
2.70551,1.78248,-0.01,3897
2.70316,1.78248,-0.01,3898
2.70080,1.78248,-0.01,3899
2.69845,1.78484,-0.01,3900
2.70316,1.78248,-0.01,3901
2.69845,1.78248,-0.01,3902
2.69609,1.78248,-0.01,3903
2.70080,1.78484,-0.01,3904
2.70316,1.78248,-0.01,3905
2.71257,1.78248,-0.01,3906
2.71022,1.78248,-0.01,3907
2.71022,1.78013,-0.01,3908
2.70787,1.78013,-0.01,3909
2.70551,1.78248,-0.01,3910
2.70787,1.78248,-0.01,3911
2.70551,1.78248,-0.01,3912
2.71964,1.78248,-0.01,3913
2.70787,1.78013,-0.01,3914
2.70787,1.78013,-0.01,3915
2.70551,1.78248,-0.01,3916
2.70787,1.78248,-0.01,3917
2.70787,1.78248,-0.01,3918
2.71022,1.78248,-0.01,3919
2.70787,1.78248,-0.01,3920
2.70787,1.78013,-0.01,3921
2.70787,1.78013,-0.01,3922
2.70787,1.78248,-0.01,3923
2.70787,1.78248,-0.01,3924
2.71022,1.78484,-0.01,3925
2.71257,1.78248,-0.01,3926
2.72199,1.78013,-0.01,3927
2.71493,1.78013,-0.01,3928
2.71493,1.78013,-0.01,3929
2.71493,1.78013,-0.01,3930
2.71728,1.78013,-0.01,3931
2.71493,1.78013,-0.01,3932
2.71257,1.78013,-0.01,3933
2.71964,1.78248,-0.01,3934
2.71728,1.78013,-0.01,3935
2.71493,1.78013,-0.01,3936
2.72199,1.78013,-0.01,3937
2.71728,1.78013,-0.01,3938
2.71728,1.78013,-0.01,3939
2.72435,1.78013,-0.01,3940
2.71964,1.78013,-0.01,3941
2.71728,1.78013,-0.01,3942
2.71493,1.78248,-0.01,3943
2.71493,1.78013,-0.01,3944
2.71493,1.78248,-0.01,3945
2.71728,1.78013,-0.01,3946
2.71728,1.78013,-0.01,3947
2.72199,1.78013,-0.01,3948
2.72435,1.78013,-0.01,3949
2.72199,1.78013,-0.01,3950
2.71964,1.78013,-0.01,3951
2.71964,1.77777,-0.01,3952
2.72199,1.77777,-0.01,3953
2.71728,1.78248,-0.01,3954
2.72435,1.78013,-0.01,3955
2.71964,1.78013,-0.01,3956
2.71964,1.78484,-0.01,3957
2.72670,1.77777,-0.01,3958
2.72199,1.78013,-0.01,3959
2.72199,1.78013,-0.01,3960
2.71964,1.78013,-0.01,3961
2.71964,1.78248,-0.01,3962
2.72670,1.77777,-0.01,3963
2.72199,1.78013,-0.01,3964
2.71964,1.78013,-0.01,3965
2.72670,1.78013,-0.01,3966
2.72670,1.77777,-0.01,3967
2.72670,1.78013,-0.01,3968
2.72906,1.77777,-0.01,3969
2.72670,1.77777,-0.01,3970
2.72435,1.77777,-0.01,3971
2.72670,1.77777,-0.01,3972
2.72435,1.77777,-0.01,3973
2.72435,1.78013,-0.01,3974
2.72199,1.77777,-0.01,3975
2.71964,1.78013,-0.01,3976
2.71728,1.78013,-0.01,3977
2.72199,1.78013,-0.01,3978
2.72435,1.77777,-0.01,3979
2.72435,1.78013,-0.01,3980
2.72435,1.78013,-0.01,3981
2.72199,1.78013,-0.01,3982
2.72670,1.78013,-0.01,3983
2.72435,1.78013,-0.01,3984
2.72199,1.78013,-0.01,3985
2.72670,1.77777,-0.01,3986
2.72670,1.77777,-0.01,3987
2.72906,1.77777,-0.01,3988
2.72906,1.77777,-0.01,3989
2.72435,1.77777,-0.01,3990
2.72670,1.78013,-0.01,3991
2.72670,1.77777,-0.01,3992
2.72670,1.77777,-0.01,3993
2.72199,1.78013,-0.01,3994
2.72670,1.78013,-0.01,3995
2.72906,1.78013,-0.01,3996
2.72906,1.77777,-0.01,3997
2.72670,1.78013,-0.01,3998
2.72906,1.77777,-0.01,3999
2.72670,1.77777,-0.01,4000
2.72670,1.78013,-0.01,4001
2.72906,1.77777,-0.01,4002
2.73141,1.77777,-0.01,4003
2.72906,1.77777,-0.01,4004
2.72670,1.78013,-0.01,4005
2.72670,1.77777,-0.01,4006
2.72906,1.77777,-0.01,4008
2.70551,1.78248,-0.01,4009
2.72670,1.77777,-0.01,4010
2.72906,1.77777,-0.01,4011
2.74319,1.77777,-0.01,4012
2.73377,1.77777,-0.01,4013
2.73612,1.77777,-0.01,4014
2.74083,1.77777,-0.01,4015
2.74083,1.77542,-0.01,4016
2.74083,1.77542,-0.01,4017
2.74083,1.77542,-0.01,4018
2.74083,1.77542,-0.01,4019
2.74083,1.77542,-0.01,4020
2.73612,1.77542,-0.01,4021
2.73848,1.77777,-0.01,4022
2.74083,1.77542,-0.01,4023
2.71022,1.78248,-0.01,4024
2.74083,1.77542,-0.01,4025
2.74319,1.77542,-0.01,4026
2.74083,1.77542,-0.01,4027
2.73612,1.77542,-0.01,4028
2.73612,1.77542,-0.01,4029
2.73848,1.77542,-0.01,4030
2.73141,1.77542,-0.01,4031
2.72670,1.78013,-0.01,4032
2.73377,1.77542,-0.01,4033
2.73377,1.77777,-0.01,4034
2.73612,1.77777,-0.01,4035
2.70787,1.78248,-0.01,4036
2.73377,1.77777,-0.01,4037
2.72670,1.78013,-0.01,4038
2.72670,1.77777,-0.01,4039
2.72670,1.77777,-0.01,4040
2.70551,1.78484,-0.01,4041
2.71493,1.78248,-0.01,4042
2.72670,1.78248,-0.01,4043
2.73141,1.77777,-0.01,4044
2.71022,1.78248,-0.01,4045
2.71728,1.78013,-0.01,4046
2.73612,1.77777,-0.01,4047
2.73377,1.77777,-0.01,4048
2.73377,1.77777,-0.01,4049
2.73612,1.77777,-0.01,4050
2.73612,1.77777,-0.01,4051
2.73848,1.77542,-0.01,4052
2.74319,1.77542,-0.01,4053
2.73612,1.77777,-0.01,4054
2.73377,1.77542,-0.01,4055
2.71493,1.78013,-0.01,4056
2.71493,1.78013,-0.01,4057
2.73848,1.77777,-0.01,4058
2.74083,1.77071,-0.01,4059
2.74554,1.77542,-0.01,4060
2.74319,1.77542,-0.01,4061
2.74319,1.77542,-0.01,4062
2.74083,1.77306,-0.01,4063
2.73848,1.77542,-0.01,4064
2.73612,1.77542,-0.01,4065
2.74319,1.77542,-0.01,4066
2.73612,1.77542,-0.01,4067
2.73612,1.77542,-0.01,4068
2.74789,1.77542,-0.01,4069
2.74319,1.77777,-0.01,4070
2.74319,1.77777,-0.01,4071
2.74319,1.77777,-0.01,4072
2.71493,1.78013,-0.01,4073
2.74083,1.77777,-0.01,4074
2.73848,1.77542,-0.01,4075
2.73612,1.78013,-0.01,4076
2.74319,1.77777,-0.01,4077
2.73848,1.77542,-0.01,4078
2.73612,1.77542,-0.01,4079
2.73848,1.77542,-0.01,4080
2.73377,1.77542,-0.01,4081
2.74789,1.77777,-0.01,4082
2.73848,1.77777,-0.01,4083
2.73612,1.77542,-0.01,4084
2.73848,1.77542,-0.01,4085
2.74083,1.77542,-0.01,4086
2.73612,1.77542,-0.01,4087
2.73848,1.77542,-0.01,4088
2.73612,1.77542,-0.01,4089
2.73848,1.77542,-0.01,4090
2.73141,1.78013,-0.01,4091
2.73141,1.78013,-0.01,4092
2.72906,1.77777,-0.01,4093
2.73141,1.77777,-0.01,4094
2.73377,1.78013,-0.01,4095
2.73141,1.78013,-0.01,4096
2.72906,1.78013,-0.01,4097
2.72670,1.77777,-0.01,4098
2.73612,1.77777,-0.01,4099
2.73848,1.77542,-0.01,4100
2.74554,1.77542,-0.01,4101
2.71022,1.78013,-0.01,4102
2.70787,1.78248,-0.01,4103
2.71257,1.78013,-0.01,4104
2.71728,1.78248,-0.01,4105
2.74319,1.77542,-0.01,4106
2.73848,1.77777,-0.01,4107
2.73848,1.77542,-0.01,4108
2.74789,1.77542,-0.01,4109
2.74554,1.77542,-0.01,4110
2.74319,1.77542,-0.01,4111
2.75025,1.77306,-0.01,4112
2.74319,1.77777,-0.01,4113
2.75260,1.77306,-0.01,4114
2.75025,1.77306,-0.01,4115
2.74554,1.77306,-0.01,4116
2.75025,1.77306,-0.01,4117
2.75025,1.77542,-0.01,4118
2.75260,1.77306,-0.01,4119
2.75260,1.77542,-0.01,4120
2.74789,1.77542,-0.01,4121
